URL,content,date
https://www.joongang.co.kr/article/25352206,"서울 남산에서 바라본 아파트 단지 모습. 뉴스1서울 아파트값이 6·27 대출 규제의 본격 영향권에 들었다. 특히 한강벨트 지역 상승폭이 크게 줄며 서울 전체 아파트값 오름세가 세 주 연속 둔화했다. 하지만 재건축 기대감이 큰 일부 노후 단지는 되려 매맷값이 급등한 것으로 나타났다.차준홍 기자17일 한국부동산원에 따르면 7월 둘째 주 서울 아파트값은 전주 대비 0.19% 올랐다. 6·27 규제가 일부 반영된 6월 마지막 주(0.4%)와 7월 첫 주(0.29%)에 이어 3주 연속 상승폭이 줄었다. 특히 25개 자치구 중 중구와 도봉·중랑구를 제외한 22개 구의 상승폭이 둔화했다. 한국부동산원은 “일부 신축과 역세권 단지 등에서 상승세가 지속하고 있지만, 매수 관망세가 심화하면서 거래가 감소하는 등 서울 전체 상승폭이 축소됐다”고 설명했다.차준홍 기자최근 집값이 급등했던 지역일수록 규제 직격탄을 맞았다. 대출 규제 시행 직전 주간 기준 역대 최대 상승률을 보였던 마포구(0.6→0.24%)는 전주보다 0.36%포인트 하락하며 서울에서 내림폭이 가장 컸다. 양천구(0.55→0.29%)와 성동구(0.7→0.45%)도 상승세가 크게 꺾였다. 강남구(0.34→0.15%), 영등포구(0.45→0.26%), 서초구(0.48→0.32%), 경기 과천시(0.47→0.39%) 등도 상승률이 둔화했다. 남혁우 우리은행 부동산컨설턴트는 “서울 토허제 구역과 풍선 효과 지역인 마포·성동 등 한강 신축 벨트, 경기 과천·분당 등 주요 타깃 지역이 이번 대출 규제의 직접적인 영향을 받았다”고 설명했다.고가 아파트 거래도 위축됐다. 부동산 중개업체 집토스에 따르면 6·27 규제 이후 수도권에서 10억원 초과 아파트 거래 비중은 16일 기준 12.1%로 규제 이전(1월 1일~6월 27일, 23.9%) 대비 반 토막 났다. 같은 기간 5억원 이하 거래 비중은 40.1%에서 50.4%로, 5억원 초과 10억원 이하는 36.1%에서 37.5%로 늘었다. 집토스는 “서울은 대출 규제 영향이 덜한 중저가 아파트 위주로 시장이 재편되고 있다”고 분석했다.차준홍 기자다만 매맷값은 고가 아파트가 더 오른 것으로 나타났다. 10억원 초과 아파트는 규제 시행 이후 2.8% 올라 5억원 이하(0.9%), 5억원 초과∼10억원 이하(0.9%)를 웃돌았다. 특히 지어진 지 30년 넘은 서울 노후 단지는 규제 시행 이후 7.3% 급등해 신축(3.8%) 상승률을 압도했다. 이재윤 집토스 대표는 “대출 규제로 대다수 아파트의 매수세가 위축됐지만, 자금력이 있는 수요가 재건축 같은 확실한 투자처로만 몰리는 쏠림 현상이 극대화되고 있다”고 말했다.김태윤 기자 pin21@joongang.co.kr",2025-07-17T14:00:00+09:00
https://www.joongang.co.kr/article/25354826,"서울 남산에서 바라본 서울 시내 아파트 모습. 뉴스1서울에서 집값이 급등했던 지역일수록 6·27 대출 규제 영향을 더 많이 받은 것으로 나타났다. 하지만 규제 시행 이후 한 달간 거래가 급감하고 상승률이 둔화했음에도 가격 급락은 없었다. 일각에서 우려한 풍선 효과도 아직 나타나진 않고 있다.28일 한국부동산원에 따르면 서울 아파트값 상승률은 6·27 규제 전 2주 동안 0.83% 올랐지만, 최근 2주간은 0.35% 상승에 그쳤다. 6월 4~5주차와 7월 2~3주차 아파트 매매가격지수를 비교한 결과다.서울 25개 자치구 중 규제 전후 상승률 하락폭이 가장 큰 지역은 마포구다. 규제 직전 2주 동안 1.83% 올랐지만 최근 2주간은 0.35% 상승했다. 변동폭이 마이너스 1.48%포인트다. 다음은 강남구(-1.28%포인트), 성동구(-1.06%포인트), 강동구(-1.03%포인트) 순이었다. 송파구(-0.84%포인트)와 용산구(-0.82%포인트), 서초구(-0.82%포인트) 등도 변동폭이 컸다. 규제 직전 집값이 과열됐던 지역이다. 노도강(노원·도봉·강북구) 등 서울 외곽지역도 0.02~0.07%포인트 하락했다.김영옥 기자매매도 확 줄었다. 28일 기준으로 6월 서울 아파트 거래량은 1만1811건이다(서울부동산광장). 7월엔 2243건으로 급감했다. 7월분 실거래 신고 기한이 한 달가량 남았지만 현재 추세를 보면 5000건 이하가 될 가능성이 크다. 전월 대비 반 토막 이상 나는 셈이다.거래 급감에도 폭락은 없었다. 우선 매물 자체가 줄었고, 호가도 크게 내리지 않았다는 게 현장의 얘기다. 강남구 대치동에 있는 A 공인중개사 대표는 “호가를 5% 정도 내린 급매가 간혹 나오지만, 가격을 낮추느니 매물을 거두는 집주인이 많다""고 전했다. 마포구의 B 공인중개사 관계자는 “최고가보다 1억~2억 정도 낮춘 매물은 바로 거래가 되거나 문의가 몰리는 분위기”라고 말했다. 대기 수요가 여전하다는 얘기다. 남혁우 우리은행 부동산컨설턴트는 “매도자 입장에선 공급 부족과 금리 하락에 대한 기대감이 커서 호가를 내리지 않고 있다”고 분석했다.아직은 풍선 효과도 없다. 서울에서 7월 2~3주차 아파트값 상승률이 규제 직전 2주보다 높은 곳은 관악구(0.04%포인트)가 유일하다. 경기 과천(1.45→0.77%)과 성남 분당(1.84→0.75%)도 상승률이 크게 줄었다. 집값이 오를 것이라는 기대 심리가 꺾인 데다 계절적 비성수기, 임차 수요 감소 등이 겹친 결과로 풀이된다. 다주택자의 갭투자가 원천 차단되고 취득세 중과 등 규제가 여전해 투자자 유입이 제한적인 것도 한 요인이다. 남혁우 컨설턴트는 ""추가 수요 억제책이나 공급 대책이 나오기 전까지 매도·매수자 관망세가 유지될 것""이라고 말했다.김태윤 기자 pin21@joongang.co.kr",2025-07-28T15:43:18+09:00
https://www.joongang.co.kr/article/25353576,"서울 남산 전망대에서 바라본 서울 곳곳이 아파트로 빼곡하다. 연합뉴스지난달 부동산 대출 규제 시행 이후 집값 상승에 대한 기대감이 뚜렷하게 위축된 것으로 나타났다.23일 한국은행이 발표한 ‘소비자동향조사’에 따르면 7월 주택가격전망지수는 109로 집계됐다. 이는 전달인 6월(120)보다 11포인트 하락한 수치로, 2022년 7월(-16p) 이후 3년 만에 가장 큰 월간 하락폭이다. 주택가격전망지수가 하락한 것은 집값이 1년 뒤 오를 것으로 예상하는 소비자 비중이 크게 줄었음을 의미한다.이 지수는 올해 2월 99에서 시작해 3월 105, 4월 108, 5월 111, 6월 120으로 넉 달 연속 상승세를 보이다가, 정부가 6월 27일 가계부채 관리를 위한 대출 규제를 발표한 뒤인 7월 들어 하락세로 돌아섰다.이혜영 한국은행 경제심리조사팀장은 ""가계부채 관리 강화 대책에 따른 주택가격 하락 기대, 수도권 아파트 가격 상승세 둔화 등이 주택가격전망지수 하락에 영향을 줬다""고 설명했다.가계부채에 대한 전망도 어두워졌다. 7월 가계부채전망지수는 96으로, 전월보다 1포인트 낮아졌다. 이는 2018년 5월(96) 이후 7년여 만에 가장 낮은 수치다. 장기 평균(100)과 비교해도 낮은 수준으로, 6개월 뒤 가계부채가 감소할 것으로 예상하는 소비자가 증가할 것으로 보는 시각이 늘었음을 반영한다.2025.07.29 16:252025.07.29 15:182025.07.29 14:22반면 가계저축전망지수는 전월 대비 1포인트 오른 101로 집계되며, 2010년 11월(101) 이후 약 15년 만에 최고치를 기록했다.소비심리는 개선 흐름을 이어갔다. 7월 소비자심리지수(CCSI)는 110.8로, 6월보다 2.1포인트 상승하며 2021년 6월(111.1) 이후 4년여 만에 최고치를 기록했다. CCSI는 지난해 12월 비상계엄 사태 당시 88.2까지 급락했으나, 올해 들어 반등을 이어오며 1월 91.2, 2월 95.2, 3월 93.4, 4월 93.8, 5월 101.8, 6월 108.7에 이어 7월까지 넉 달 연속 상승했다.이 팀장은 ""대미 관세 협상 관련 불확실성에도 불구하고, 소비 개선과 수출 호조가 심리지수 상승에 긍정적 영향을 줬다""고 분석했다.현재경기판단지수는 7월 기준 86으로, 6월 대비 12포인트 급등했다. 이는 2020년 11월(+14p) 이후 약 5년 만에 가장 큰 상승폭이다. 금리수준전망지수는 기준금리 동결과 시중은행의 주택담보대출 금리 인상 등의 영향을 받아 전월보다 8포인트 오른 95를 기록했다.정재홍 기자 hongj@joongang.co.kr",2025-07-23T09:22:25+09:00
https://www.joongang.co.kr/article/25353202,"지난달 말 울산 남구 선암동에 있는 스위트빌 아파트 전용 153㎡형은 4억3000만원에 거래됐다. 이 단지 역대 최고가다. 1년 전과 비교하면 1억원가량 오른 액수다. 비슷한 시기 강원도 속초시 속초롯데캐슬인더스카이 84㎡형은 직전 거래보다 15%가량 오른 5억2500만원에 매매됐다.오랜 침체에 빠졌던 지방 부동산 시장에 변화의 조짐이 보인다. 집값 하락폭이 둔화하고 일부 지역은 바닥을 치며 상승 전환했다. 다만 봄볕이 특정 지역에만 비치며 지역별 기상도는 엇갈릴 전망이다.김주원 기자21일 한국부동산원에 따르면 지난 6월 지방 주택 종합 매매가격지수는 전월 대비 0.09% 하락했다. 19개월 연속 내림세다. 하지만 전월(-0.12%)보다 내림폭은 줄었다. 전북(0.11%)과 충북(0.08%)은 오름폭이 커졌고 강원(0.02%)은 상승 전환했다. 울산은 보합세를 나타냈다. 지방 아파트값 역시 7월 둘째 주 기준으로 59주 연속 하락했지만 14개 광역시·도 중 4곳(세종·울산·충북·전북)은 가격이 올랐다.한국부동산원의 6월 지방 아파트 실거래 잠정지수는 더 긍정적이다. 지방 전체는 전월 대비 0.34%, 5대 광역시는 0.36% 올랐다. 잠정지수는 표본 통계와 달리 실거래 신고 자료를 가집계한 결과로 오는 8월 공표된다. 박원갑 KB국민은행 부동산수석전문위원은 “지방도 올해부터 입주 물량이 줄어든 데다 지난 6·27 대출 규제와 7월부터 시행된 3단계 스트레스 총부채원리금상환비율(DSR) 적용 대상에서 빠진 것이 영향을 미쳤다”고 분석했다.지역별 전망은 갈린다. 한국주택금융공사(HF) 주택금융연구원이 최근 펴낸 보고서에 따르면, 울산과 세종·광주·강원·충남은 소폭 상승 또는 보합세를 보일 전망이다. 최영상 주택금융연구원 연구위원은 “울산은 최근 조선업 활황으로 지역 경제가 호전됨에 따라 당분간 상승세를 유지할 것”으로 내다봤다. 광주는 올해 들어 집값 하락세가 둔화되고, 강원과 충청권은 거래량이 회복 중이다. 세종은 행정수도 이전 논의 등 정책적 기대감이 반영되고 있다.김주원 기자반면 부산과 대구는 주택 수요 위축과 공급 과잉으로 올 하반기에도 하락세가 지속될 전망이다. 경남·경북 역시 지역 경기 침체와 준공 후 미분양 증가 등으로 집값 약세가 이어질 것으로 보인다. 다만 최 위원은 “장기적으로 새 정부의 부울경 메가시티 정책이 주택시장에 영향을 미칠 가능성이 있다”고 진단했다. 전남·제주 역시 미분양 부담 등으로 추가적인 가격 하락이 예상된다. 박원갑 위원은 “핵심 수요층인 젊은 인구의 유출과 지역 경제 침체 등을 고려할 때 지방 집값이 본격 상승세로 접어들기는 쉽지 않다”고 말했다.무엇보다 근본적인 대책 없이는 지방 집값이 바닥을 벗어나기 어렵다는 지적이 많다. 한국부동산원이 펴낸 학술지 ‘부동산분석’에 따르면 지방 부동산을 억누르는 미분양 문제는 1인당 지역내총생산(GRDP), 소득 증가를 포함한 소비 심리, 경제활동인구 변화와 밀접한 연관이 있다. 특히 5대 광역시는 일자리 창출과 같은 경제활동인구 증가 정책이, 기타 지방은 주택구매 부담 완화 등이 시장 심리를 개선하는 데 효과적인 것으로 나타났다. 이현석 건국대 부동산학과 교수는 “지방 부동산 심리 안정화와 함께 지역별 특성을 반영한 맞춤형 정책 접근이 필수적”이라며 “경제활동인구 변화, 주택 구매 여력, 기존 주택 공급량 등을 종합적으로 고려한 정책 설계가 필요하다”고 강조했다.김태윤 기자 pin21@joongang.co.kr",2025-07-22T00:01:01+09:00
https://www.joongang.co.kr/article/25353505,"지난 2년 새 서울 국민평형(국평) 아파트 평균 전셋값이 6400만원가량 오른 것으로 나타났다.22일 부동산 중개업체 집토스에 따르면 올해 상반기 수도권 평균 전셋값은 2023년 상반기 대비 10.8%(4215만원) 오른 4억3278만원으로 집계됐다. 수도권 아파트 7878개 단지의 국토교통부 전세 실거래가격을 분석한 결과다.수도권 기준으로 중형·국평(60~84㎡) 전셋값은 2년 새 11.2% 상승했다. 소형(50~60㎡)과 대형(85㎡ 초과)은 각각 10.8%, 9.8% 올랐다. 서울의 경우 소형이 국평·대형보다 상승률이 높았다. 서울 중형·국평 평균 전셋값은 6억196만원으로 2년 전보다 11.7%(6435만원) 상승했다. 같은 기간 소형(4억6137만원)은 12.7%, 대형(9억5738만원)은 10.4% 올랐다. 집토스는 “신혼부부나 3~4인 가구 등 실수요층이 가장 많이 찾는 중소형 평형 위주로 전세 수요가 몰리면서 가격 상승 압력이 더 크게 작용했기 때문”이라고 분석했다.눈에 띄는 것은 과천시다. 올 상반기 중형·국평 기준 과천 평균 전셋값은 8억5561만원으로 2년 새 21.9% 뛰었다. 같은 기간 수도권에서 전세가격이 20% 이상 오른 지역은 과천이 유일하다. 과천 전셋값은 서울 마용성(마포·용산·성동구)보다 높았고 강남구(9억481만원)에 근접한 것으로 나타났다. 강남 접근성과 정주 여건이 좋은 데다 최근 입주 물량이 줄면서 원문·별양·중앙동 등 선호 단지 위주로 젊은 층의 전세 수요가 몰렸기 때문으로 풀이된다. 경기 양주(19.3%)와 인천 중구(19%), 경기 구리(17.3%), 화성(16.6%) 등도 상대적으로 전셋값 상승률이 높았다.김태윤 기자 pin21@joongang.co.kr",2025-07-23T00:02:00+09:00
https://www.joongang.co.kr/article/25352685,"서울 주택 임대차 시장이 갈수록 ‘살얼음판’이다. 지난달 정부가 발표한 초강력 대출 규제로 갭투자와 ‘소유권 이전 조건부 전세대출’이 사실상 봉쇄되면서, 우려됐던 전세시장 위축이 현실화하고 있다. 전세 물건은 빠르게 줄고 ‘전세의 월세화’ 흐름은 더욱 거세졌다. 공급 부족 속에 임대차 규제를 강화해도 전·월세 가격을 억제하긴 역부족이라는 지적도 나온다. 임차인들은 이제 ‘전세냐, 월세냐’가 아닌 ‘반전세냐, 월세냐’를 두고 주거비 부담의 무게를 저울질하고 있다.  

“헬리오시티 19평형(전용 39.1㎡) 전세 물건은 단 두 건뿐이다. 온라인에 떠도는 대부분은 ‘미끼 물건’이고, 7억원 이하 물건은 빠르게 자취를 감출 가능성이 크다. 그나마 남은 9억원짜리는 12월 입주 예정 물건이다. 전세 씨가 마르자 집주인은 미리 웃돈을 붙이고 있다. 이대로라면 여름이 끝나기 전에 전·월세 시장은 ‘지옥문’이 열릴지도 모른다.” (서울 송파구 헬리오시티 인근 K공인중개업소 대표)서울 아파트 전셋값 한달새 0.33% 올라지난달 서울 송파구 부동산중계업소에 매물 정보가 붙어있다. [뉴스1]15일 서울 강동·송파·서초구 등 서울 주요 지역 공인중개업소 관계자들은 “규제 여파로 거래는 주춤하지만, 전세 물건은 귀하고 가격도 꺾이지 않는다”고 한목소리를 냈다. K공인중개업소 대표는 “잠실 지역은 학군 등으로 규제 전에도 수요가 많았지만, 매매가 어려워지면서 전세 수요가 더 늘고 있다”며 “하루에도 신혼부부가 10쌍은 찾아오는데, 전세 물건이 부족한 것을 집주인도 알기에 가격이 올라가지 않겠냐”고 말했다. 실제로 부동산정보 플랫폼 아실에 따르면 15일 기준 송파구 전세 물건은 1245건으로, 6개월 전 2643건 대비 52.9% 급감했다. 인근 강동구 전세 물건도 연초 3680건에서 현재 903건으로 크게 감소한 것으로 나타났다. 서울 강동구 고덕아르테온 인근 M공인중개업소 대표는 “지하철역 가까운 고덕지구 아파트는 규제 이후 거래는 줄었지만, 매매와 전·월세 가격 모두 내려가지 않았다”며 “매매 가격은 한 달전보다 1억~2억원은 올랐고, 전셋값도 연초 대비 5000만~1억원은 오른 상황”이라고 전했다.6월 말 입주를 시작한 신축 단지 메이플자이(3307가구) 영향으로 그동안 전세 물건이 상대적으로 많았던 서울 서초구에서도 전셋값이 다시 꿈틀대고 있다. 서초구 래미안퍼스티지 인근 R공인중개업소 대표는 “규제로 고액 전세가 조정될 거란 예상도 있었지만, 이미 오른 가격에 집주인들이 선뜻 값을 내리려 하지 않는다”며 “메이플자이도 초기 급매물은 대부분 소진됐고, 집주인들이 세입자를 늦게 구하더라도 제대로 받으려는 분위기여서 전셋값이 다시 오르고 있다”고 말했다.전세시장이 심상치 않다. 지난달 정부의 ‘6·27 가계부채 관리 방안’ 이후 갭투자 차단과 다주택자 대출 봉쇄로 전세 물건이 빠르게 줄며, 월세 전환도 속도를 내고 있다. 가을 이사철을 앞두고 ‘전세 대란’ 우려도 커지는 분위기다.그래픽=남미가 기자한국부동산원에 따르면 6월 서울 주택 전세가격은 전월 대비 0.24% 올라 상승 폭이 확대됐다. 특히 서울 아파트 전셋값은 0.33% 상승했다. 입주 물량이 많았던 서초구(-0.3%)를 제외한 24개 자치구의 전셋값이 모두 올랐다. 민간 조사인 KB부동산 통계도 비슷한 흐름이다. 6월 수도권 전세가격지수는 0.17% 올라 23개월 연속 상승했고, 서울은 0.29%, 경기도는 0.12% 올랐다.하반기 시장을 짓누르는 것은 ‘공급 부족’에 대한 불안이다. 부동산 플랫폼 직방에 따르면 하반기 서울 아파트 입주 물량은 1만4043가구로, 상반기보다 20.4%, 지난해 하반기보다 29.1% 줄어들 전망이다. 입주 감소는 전세 물건 부족과 전셋값 상승, 월세 전환을 동시에 부추기고 있다. 여기에 가을철 이사 수요까지 겹치면 시장 불안은 더 커질 것이란 전망이다. 윤지해 부동산R114 리서치랩장은 “정부가 매수 억제에 무게를 두면 전·월세 시장은 더 불안해질 수밖에 없다”고 말했다.임대차 관련 규제도 전세시장에 부담을 더하고 있다. 지난 5월 말로 유예기간이 끝난 전월세신고제는 보증금 6000만원 또는 월세 30만원을 넘으면 30일 내 신고해야 하고, 내년부터는 고가 주택(기준시가 12억원 초과) 2채 보유자도 전세보증금 간주임대료 과세 대상에 포함된다. 김제경 투미부동산컨설팅 소장은 “실제 소득이 없는 전세에까지 세금을 부과하면 집주인이 전세 공급을 꺼릴 수밖에 없다”고 말했다.수요보다 공급이 부족하면 가격이 오르는 것은 시장의 자연스러운 흐름이다. 부동산R114가 실시한 ‘2025년 하반기 주택시장 전망’ 설문조사 결과도 이 같은 분위기를 보여준다. 전셋값이 상승할 것이라는 응답은 47.66%로, 하락을 예상한 10.82%보다 4.4배나 많았다. 월세 전망도 비슷하다. 상승을 점친 비율은 50.36%에 달한 반면, 하락 응답은 6.14%에 그쳤다.다만 전셋값이 일방적으로 오르기만 하지는 않을 것이란 전망도 있다. 6·27 대책으로 ‘소유권 이전 조건부 전세대출’이 막히면서 일부 입주 단지의 전세 수요가 줄 수 있어서다. 비(非)아파트 전세시장도 취약하다. 오는 21일부터 전세대출 보증 비율이 90%에서 80%로 낮아지며 대출 한도도 줄기 때문이다. 박원갑 KB국민은행 수석전문위원은 “기존 아파트는 전셋값이 오를 수 있지만, 고가 입주 예정 단지나 비아파트는 역전세나 전세 한파가 우려된다”고 말했다.전셋값 상승 전망, 하락보다 4배 많아
그럼에도 불구하고 부동산 전문가는 임대차 시장 불안이 장기화할 가능성에 무게를 싣고 있다. 고준석 연세대 상남경영원 교수는 “전세대출 규제가 강화되면 전세 수요가 줄어 가격이 내려갈 것으로 생각할 수 있지만, 실제로는 반전세로 옮겨가면서 전세와 월세 모두 오를 가능성이 크다”고 전망했다. 공급이 넉넉할 때는 규제가 시장 안정에 도움을 줄 수 있지만, 지금처럼 공급이 부족한 상황에서는 수요가 다소 줄더라도 가격이 쉽게 잡히지 않을 것이라는 분석이다.‘전세의 월세화’로 월세 가격도 치솟고 있다. KB부동산에 따르면 6월 서울 아파트 월세지수는 126.6으로 사상 최고치를 기록했고, 수도권 월세지수도 127.3으로 집계 이후 최고치를 경신했다. 전체 임대차 물건 중 월세 거래 비중도 꾸준히 늘면서 임차인의 주거비 부담이 커질 것이라는 우려가 나온다.박합수 건국대 부동산대학원 겸임교수는 이번 대출 규제의 ‘진짜 후폭풍’은 아직 오지 않았다고 지적했다. 특히 하반기부터 금융권 가계대출(정책대출 제외) 총량목표를 당초 계획 대비 50% 수준으로 감축하는 방안에 주목했다. 박 교수는 “가계대출 총량을 절반으로 줄이면 4분기 전에 대출이 모두 소진될 수 있고, 아무리 조건을 충족해도 대출을 못 받는 상황이 올 수 있다”며 “현금 부자가 아닌 이상 주택 매매는 물론 전세시장에서도 밀려날 수 있기 때문에 실수요자라면 자금 여력을 점검하고 계약갱신이나 매수를 서두를 필요가 있다”고 말했다.배현정 기자 bae.hyunjung@joongang.co.kr",2025-07-19T05:00:00+09:00
https://www.joongang.co.kr/article/25354597,"27일 서울 남산에서 바라본 서울 강남 아파트 모습. 뉴스1올해 상반기 서울 강남 3구를 중심으로 ‘팔지 않고 물려주는’ 움직임이 뚜렷해지고 있는 것으로 나타났다. 잦은 부동산 정책 변화에 대한 불신과 '핵심지는 결국 오른다'는 학습효과가 배경으로 꼽힌다.27일 대법원 등기정보광장에 따르면, 올해 1~6월 서울 강남권(강남ㆍ송파ㆍ서초) 집합건물 증여 목적 소유권 이전 건수는 총 824건으로 지난해 같은 기간 대비 22% 증가했다. 자치구별로는 강남(336건)ㆍ송파(253건)ㆍ서초(235건) 순으로 증여 건수가 가장 많았다.  최근 3년간 상반기 기준으로 보면 2023년 520건, 지난해 675건 등 강남권 아파트 증여 건수는 계속 늘고 있다.이런 흐름은 가격 급등세가 꺾이기 시작한 지난 6ㆍ27 대출 규제 이후에도 이어지는 모습이다. 자산가치가 계속 상승할 때, 상대적으로 낮은 가격에 증여해 세부담을 줄이는 게 일반적인데, 이례적이라는 평가다. 올해 7월(25일 기준) 강남 3구 증여 건수를 모두 합치면 119건이다. 올해 상반기 동기(매월 1~25일) 평균(111.7건)보다 높고, 지난해 같은 기간(7월 1~25일)보다도 36.8% 급등했다.강남권 자산가들이 매매 대신 보유·증여 전략을 취하는 배경으로는 불확실한 부동산 정책 기조가 첫손에 꼽힌다. 양지영 신한투자증권 자산관리컨설팅부 수석은 “투기과열지구와 토지거래허가구역 지정 같은 핀셋 규제와, 세제 정책의 잦은 변경이 시장에서는 장기적 정책 신뢰도를 낮추고 있다”며 “정책 불확실성이 커지면 자산가는 ‘안전자산 보유’로 대응하는데, 이것이 강남 3구 아파트 증여로 나타난 것”이라고 말했다.다주택자 양도세 중과가 부활할 가능성도 주요 요인으로 꼽힌다. 앞서 윤석열 정부는 문재인 정부에서 시작된 다주택자 양도세 중과를 일시적으로 배제 조치했다. 올해 초 연장된 배제 기간은 내년 5월에 만료된다. 박원갑 KB국민은행 부동산수석전문위원은 ""상반기에는 부동산 가격 상승세가 계속 이어질 것이라는 전망이 많았다""며 ""여기에 정권 교체가 유력해 절세를 위해 서둘러 증여를 한 것으로 보인다""고 분석했다.여기에 이들 지역은 과거 고강도 규제에도 부동산 가격이 중장기적으로 상승했다는 학습효과가 작용했다는 분석이 나온다. 이른바 ‘똘똘한 한 채’에 대한 믿음이다. 우병탁 신한은행 프리미어패스파인더 부동산전문위원은 “대출 규제 이후 강남권 아파트 가격이 안정된다면, 이 역시 세금을 덜 수 있는 ‘증여 타이밍’으로 여겨진다”며 “이는 물론 단기적 안정기 이후에는 결국 상승할 거라는 생각에 기반한 것”이라고 설명했다.정은혜 기자 jeong.eunhye1@joongang.co.kr",2025-07-27T18:05:33+09:00
https://www.joongang.co.kr/article/25351922,"서울 시내 거리에 붙은 담보대출 안내 현수막. 연합뉴스6.27 대출 규제 이후 수도권에서 10억원 이상 아파트 매매 계약 취소 비중이 증가한 것으로 나타났다.16일 부동산 중개업체 집토스는 올해 들어 지난달 27일까지 계약된 수도권 아파트 중 규제 전후 계약 해제 현황을 분석해 발표했다. 규제 발표 이후 신고된 해제 계약 중 10억원 초과 아파트 비중은 35%였다. 규제 이전(26.9%)보다 8.1%포인트 증가한 수치다. 5억원 이하 아파트 매매계약 해제는 32.2%에서 25.1%로, 5억원 초과∼10억원 이하는 40.9에서 40.0%로 줄어든 것과는 대조적인 흐름이다. 고가 아파트가 밀집한 서초구는 계약 해제에서 차지하는 비중이 대책 발표 이전 2.5%에서 이후 5.7%로, 강남구는 5.1%에서 6.5%로 커졌다.6·27 규제 전에 계약했지만, 규제 시행 이후 서울에서 계약 해제가 가장 많았던 지역은 강동구(38건)였다. 영등포구(33건)와 성동구(31건), 강남구(31건), 마포구(29건), 서초구(27건)에서도 계약 취소가 속출했다. 규제 이전에 맺은 계약은 '대출 6억 한도' 적용을 받지 않는다. 하지만 집값이 내려갈 수 있다는 불안감에 수천만원에서 많게는 억대의 계약금 손실을 감수하고서라도 계약을 포기하고 있다는 게 집토스의 설명이다. 집토스는 “투자 금액이 큰 고가 아파트일수록 향후 가격 하락 시 손실 규모가 크기 때문에 매수자들이 ‘상투를 잡았다’는 심리적 부담을 느껴 계약금 포기를 감수한 것""이라고 분석했다.집값이 중하위권인 노원구(25건)와 서대문구(29건), 성북구(22건), 구로구(20건) 등에서도 계약 취소가 적지 않았다. 자기 자본이 부족한 소위 ‘영끌’ 매수자들이 향후 집값 하락과 이자 부담에 대한 공포감으로 계약 해제에 나선 것으로 풀이된다. 이재윤 집토스 대표는 “이번 규제가 ‘집값이 조정될 것’이라는 신호를 시장에 던진 셈”이라고 풀이했다.김태윤 기자 pin21@joongang.co.kr",2025-07-16T14:41:07+09:00
https://www.joongang.co.kr/article/25351762,"서울을 포함한 수도권 전셋값의 상승 폭이 점차 커지며 전·월세 시장 불안을 키우고 있다. 특히 6·27 대출 규제로 전세 매물이 줄면서, 전셋값 상승은 물론 ‘전세의 월세화’도 가속할 것으로 전망된다.15일 한국부동산원에 따르면 올해 6월 서울 주택 전세가격은 전월 대비 0.24% 오르며 지난달(0.15%)보다 상승 폭을 키웠다. 서울 아파트 전셋값은 0.33% 올랐다. 수도권 전체 주택과 아파트 전셋값 역시 각각 0.11%, 0.13% 상승하며 오름폭이 확대됐다. 서울 25개 자치구 중에선 6월 입주 물량이 많았던 서초구(-0.3%)를 제외한 24개 구의 전셋값이 모두 올랐다. 반면 지방 전셋값은 7개월째 하락세를 이어갔다. 한국부동산원은 “서울의 일부 선호 단지에서 매물 부족이 나타나며 서울 전체 상승폭이 확대됐다”고 설명했다.KB국민은행에 따르면 6월 수도권 전세가격지수는 0.17% 오르며 23개월 내리 올랐다. 서울은 0.29%, 경기도는 0.12% 상승한 것으로 나타났다. 수도권과 지방 간 ‘전세 양극화’도 심화하고 있다. 6월 전국 전세가격 5분위 배율(상위 20% 평균을 하위 20%로 나눈 값)은 7.7로 2022년 11월 이후 가장 높았다.수도권 전셋갑 상승은 하반기에도 이어질 전망이다. KB금융지주 경영연구소는 “올 하반기 수도권 아파트 입주 물량은 6만4000가구로 상반기 대비 17% 감소할 전망”이라며 “전세 수요를 고려할 때 전셋값 추가 상승으로 이어질 수 있다”고 내다봤다.여기에 6·27 규제로 갭투자가 원천 차단되고 소유권 이전 조건부 전세 대출 등이 막히면서 전세 매물은 더 줄 수 있다. 매물 감소는 전셋값 상승으로 이어지고, 전세값이 오르면 집값도 상승 압력을 받는다. 함영진 우리은행 부동산리서치랩장은 “고강도 대출 규제에다 이달 21일부터는 주택도시보증공사(HUG)의 전세대출 보증 비율이 90%에서 80%로 강화되면서 전세 매물 부족, 전세가 상승, 전세의 월세화가 야기될 수 있다”고 말했다. 정부가 유주택자의 전세자금 대출 금지, 전세 대출 상한액 설정 등 추가 규제에 나설지도 변수다.전세의 월세화도 가팔라지고 있다. 지난 5월 기준 전·월세 거래 중 월세 비중은 63.1%로 2021년 6월 주택임대차 계약 신고제 시행 이후 최고치를 기록했다. 수도권과 비수도권 월세 비중은 각각 61.6%, 66.1%였다. 아파트만 따로 보면 수도권(44.6%), 비수도권(47.3%) 모두 최근 5년 평균치를 웃돌았다. 대출 규제로 인해 보증금 일부를 월세로 돌리려는 임대차인이 늘면서 반전세(보증부 월세)도 증가할 전망이다.월세도 덩달아 오르고 있다. 6월 수도권과 서울 아파트 월세는 전월 대비 각각 0.13%, 0.29% 오르며 상승폭을 키웠다(한국부동산원). 김성환 건설산업연구원 부연구위원은 “월세 상승과 월세화 가속으로 체감 주거비가 증가하고 있다”며 “공공과 민간의 임대주택 확충을 통해 공급 기반을 강화해야 한다”고 강조했다. 박원갑 KB국민은행 부동산수석전문위원은 “수도권은 입주 물량이 줄어든 데다 전세 사기 여파로 수급 불균형이 심한 상황”이라며 “향후 아파트 전·월세시장이 더 불안해질 가능성이 있기 때문에 정부의 모니터링을 강화할 필요가 있다”고 말했다.한편, 6월 서울 아파트 매매 가격은 전달보다 1.44% 오른 것으로 나타났다. 2018년 9월(1.84%) 이후 6년9개월 만에 최고치다. 송파구가 2.38% 올라 2018년 1월(2.45%) 이후 7년6개월 만에 가장 큰 폭으로 상승했다. 빌라 등을 포함한 서울 전체 집값은 0.95% 상승했다. 지방은 0.09% 하락했다.김태윤 기자 kim.taeyun@joongang.co.kr",2025-07-16T00:01:03+09:00
https://www.joongang.co.kr/article/25352059,"6·27 대출 규제 이후 수도권에서 10억원 이상 아파트 매매 계약 취소 비중이 증가한 것으로 나타났다.16일 부동산 중개업체 집토스는 올해 들어 지난달 27일까지 계약된 수도권 아파트 중 규제 전후 계약 해제 현황을 분석해 발표했다. 규제 발표 이후 신고된 해제 계약 중 10억원 초과 아파트 비중은 35%였다. 규제 이전(26.9%)보다 8.1%포인트 증가한 수치다. 5억원 이하 아파트 매매계약 해제는 32.2%에서 25.1%로, 5억원 초과∼10억원 이하는 40.9에서 40.0%로 줄어든 것과는 대조적인 흐름이다. 고가 아파트가 밀집한 서초구는 대책 발표 이전 2.5%에서 이후 5.7%로, 강남구는 5.1%에서 6.5%로 커졌다.6·27 규제 전에 계약했지만, 규제 시행 이후 서울에서 계약 해제가 가장 많았던 지역은 강동구(38건)였다. 영등포구(33건)와 성동구(31건), 강남구(31건), 마포구(29건), 서초구(27건)에서도 계약 취소가 속출했다. 규제 이전에 맺은 계약은 ‘대출 6억 한도’ 적용을 받지 않는다. 하지만 집값이 내려갈 수 있다는 불안감에 계약금 손실을 감수하고서라도 계약을 포기하고 있다는 게 집토스의 설명이다. 집토스는 “투자 금액이 큰 고가 아파트일수록 향후 가격 하락 시 손실 규모가 크기 때문에 매수자들이 ‘상투를 잡았다’는 심리적 부담을 느낀 것”이라고 분석했다.집값이 중하위권인 노원구(25건)와 서대문구(29건), 성북구(22건), 구로구(20건) 등에서도 계약 취소가 적지 않았다. 자기 자본이 부족한 소위 ‘영끌’ 매수자들이 향후 집값 하락과 이자 부담에 대한 공포감으로 계약 해제에 나선 것으로 풀이된다.김태윤 기자 pin21@joongang.co.kr",2025-07-17T00:02:00+09:00
https://www.joongang.co.kr/article/25354929,"서울에서 집값이 급등했던 지역일수록 6·27 대출 규제 영향을 더 많이 받은 것으로 나타났다. 거래가 급감하고 상승률이 둔화하고 있다. 다만 가격 급락이나 풍선 효과는 아직 나타나진 않고 있다.28일 한국부동산원에 따르면 서울 아파트값 상승률은 6·27 규제 전 2주 동안 0.83% 올랐지만, 최근 2주간은 0.35% 상승에 그쳤다. 서울 25개 자치구 중 규제 전후 상승률 하락폭이 가장 큰 지역은 마포구다. 규제 직전 2주 동안 1.83% 올랐지만 최근 2주간은 0.35% 상승했다. 변동폭이 마이너스 1.48%포인트다. 다음은 강남구(-1.28%포인트), 성동구(-1.06%포인트), 강동구(-1.03%포인트) 순이었다. 송파구(-0.84%포인트)와 용산구(-0.82%포인트), 서초구(-0.82%포인트) 등도 변동폭이 컸다. 규제 직전 집값이 과열됐던 지역이다. 노도강(노원·도봉·강북구) 등 서울 외곽지역도 상승률이 0.02~0.07%포인트 꺾였다.매매도 줄었다. 28일 기준으로 6월 서울 아파트 거래량은 1만1811건이다(서울부동산광장). 7월엔 2243건으로 급감했다. 7월분 실거래 신고 기한이 한 달가량 남았지만 현재 추세를 보면 5000건 이하가 될 가능성이 크다.다만 시장에서 폭락은 없었다. 매물 자체가 줄었지만, 호가도 크게 내리지 않았다는 게 현장의 얘기다. 강남구 대치동에 있는 A 공인중개사 대표는 “호가를 5% 정도 내린 급매가 간혹 나오지만, 가격을 낮추느니 매물을 거두는 집주인이 많다”고 전했다. 마포구의 B 공인중개사 관계자는 “최고가보다 1억~2억원 정도 낮춘 매물은 바로 거래가 되거나 문의가 몰리는 분위기”라고 말했다. 대기 수요가 여전하다는 얘기다. 남혁우 우리은행 부동산컨설턴트는 “매도자 입장에선 공급 부족과 금리 하락에 대한 기대감이 커서 호가를 내리지 않고 있다”고 분석했다.아직은 풍선 효과도 없다. 서울에서 7월 2~3주차 아파트값 상승률이 규제 직전 2주보다 높은 곳은 관악구가 유일하다. 경기 과천(1.45→0.77%)과 성남 분당(1.84→0.75%)은 상승률이 줄었다. 집값이 오를 것이라는 기대 심리가 꺾인 데다 계절적 비성수기, 임차 수요 감소 등이 겹친 결과로 풀이된다. 다주택자의 갭투자가 원천 차단되고 취득세 중과 등 규제가 여전해 투자자 유입이 제한적인 것도 한 요인이다. 남혁우 컨설턴트는 “추가 수요 억제책이나 공급 대책이 나오기 전까지 매도·매수자 관망세가 유지될 것”이라고 말했다.김태윤 기자 pin21@joongang.co.kr",2025-07-29T00:01:02+09:00
https://www.joongang.co.kr/article/25353302,"건설경기 침체에 따른 민간공급 위축 효과로 도시개발과 주택건설 분야에서 전문성을 보유한 LH의 책임과 부담은 점점 가중되고 있다. 건설업 전반의 위기로 작년 한해 폐업신고한 종합건설업체만 641곳을 기록, 2005년 이후 최대 규모다. 지난 5월 기준 전국 미분양 아파트는 6만 6678가구로 전월에 비해 다소 감소했으나, 악성 미분양으로 분류되는 준공 후 미분양은 2만 7013가구로 집계돼 12년 만에 최대치를 기록했다. 공사비 상승으로 어려움을 겪는 건설업계에 지방 중심으로 미분양 물량이 증가하며 유동성 경색이 겹친 상황이다.LH는 건설경기 활성화를 위해 지난해 공공기관 전체 투자 목표 63조 5천억원의 약 30%에 해당하는 18.4조원을 집행했으며, 건설공사 발주도 15조 3천억원을 시행, 공공부문 건설공사 전체 수주액 66조 7천억원의 23%를 감당했다. 주택공급도 대폭 확대하여 작년 10만 6천호에 해당하는 주택사업승인을 추진한데 이어, 주택착공물량도 5만호를 소화했다.여기에, 지난해 8.8 부동산 대책이 발표되며 그린벨트 해제지역 신규 개발을 통한 5만 가구 공급, 비아파트 활성화를 위한 매입임대주택 연간 5만호 매입도 LH 몫이 됐다. LH는 지난해 신축매입약정 방식으로 비아파트 3.9만호 물량을 확보했고, 수도권에서만 3.4만호를 매입했다. ’24년 한해 비아파트 인허가 물량이 3만 7천호임을 감안하면, 연간 공급물량을 초과하여 매입약정을 체결한 셈이다.건설경기 부양, 주택공급 확대 등 정책과제 수행을 도맡아 추진해 온 LH는 이번 정부경영평가에서 그간의 노력을 인정받아 양호(B) 등급을 달성했다. 최근, 국토부 장관 후보자의 발언으로 사업구조 개편 논의가 도마에 올랐는데, 새정부도 건설사업, 부동산시장에서 LH가 수행하는 막중한 역할을 감안해 신임 국토부 수장의 첫 과제로 LH 개혁을 들고 나온 게 아니냐는 세간의 평가다.LH가 공영개발 방식 중심으로 사업구조를 개편할 경우, 사실상 교차보전이 불가능해져 부담은 더욱 늘어날 전망이다. 익명의 LH 관계자는 “내부에서는 과거에도 판교 등 공영개발사업을 추진한 사례가 있어 사업구조 전환 자체는 문제될 게 없다는 분위기다”라면서도, “임대주택사업 손실 규모가 한해에만 2조 5천억에 육박하는 상황에서 사업물량은 늘어나고 택지개발 이익은 활용하지 못하는데 이대로는 운영이 힘들다”라고 전했다.실제로, 2005년 LH 전신인 대한주택공사가 판교 신도시에 주택공영개발을 추진한 사례가 있다. 판교신도시 주택 2만 9천호 중 9천호 가량을 공영개발로 추진하면서 중대형 아파트 분양 시 주택채권 입찰제를 적용했다. 주택채권 입찰제는 분양가는 낮게 책정하되, 수분양자가 주변 아파트와의 시세차익만큼을 국민주택채권으로 매입하게 하는 방식이다. 채권 매각금액을 주택기금으로 활용할 수 있어 일부 개발이익 환수 효과가 있다.다만, 내부 관계자 발언처럼 사업구조 개편으로 인한 LH의 수익성 악화, 사업물량과다 등은 따져볼 만한 대목이다. LH가 공공임대주택 한 가구를 건설하는데 들어가는 사업비는 3억 2000만원으로 정부지원에도 가구 당 약 1억 1000만원의 적자가 발생한다. 임대주택 물량이 늘어날수록 적자가 고스란히 누적되는 구조다. 변창흠 세종대학교 교수는 “현재 LH는 택지 매각에 따른 이익을 주거복지 사업과 임대주택에 투입하는 구조인데, 이를 깨려면 정부가 임대주택 비용을 별도로 지원해야 한다”라고 말했다.인력부족도 문제다. LH에 따르면, ’24년 기준 정원 1인당 사업비 규모는 21억으로 SOC 공공기관 인당 사업비 평균 11억의 2배에 이른다. ’27년에는 인당 사업비가 55억까지 늘어날 것으로 전망한다. ’21년에 비해 정원은 838명 가까이 줄어든 반면, 담당 사업은 지속 증가해 ’27년에는 연간 사업비 규모가 48조에 달할 것으로 파악됐기 때문이다. 퇴사자도 매해 꾸준히 발생하고 있다. ’21년부터 4년간 총 1,197명이 퇴사해 연평균 300명 가까운 인원이 LH를 떠났다. 민간이 담당하던 주택공급을 공영개발 방식을 통해 LH가 전담할 경우, 인력부족이 발목을 잡을 가능성도 제기된다.올해 LH는 역대 최대 규모인 19조원의 투자집행을 목표로 하고 있다. 주택사업승인 10만호와 주택 착공 6만호도 추진한다. 분양주택도 역대 최대규모인 2만 4천호를 공급하며, 임대주택 6만 4천호를 합하면 총 8만 8천호 가까운 주택을 시장에 내놓게 된다.문제는 주택 인허가 물량이 매년 40~50만 가구에 달하는 데 비해, LH가 현재 역량으로 소화할 수 있는 규모는 10만호 수준이라는 점이다. 향후 공영개발 방식 전환으로 3~4배에 이르는 주택건립을 떠맡아야 할 수도 있다. LH가 국민이 체감가능한 주택공급 성과를 낼 수 있으려면 정부 재정지원, 인력 확충 등이 뒤따라야 한다는 게 전문가들 의견이다.김나혜 인턴기자 kim.nahye1@joongang.co.kr",2025-07-22T10:48:19+09:00
https://www.joongang.co.kr/article/25354142,"최근 서울 양천구의 한 84㎡형 아파트의 임대차 갱신 계약은 기존 전세 보증금 9억원을 6억5000만원으로 낮추고 월 100만원씩 납부하는 조건으로 바뀌었다. 양천구의 한 공인중개사는 “6·27 대출 규제 이후, 원하는 금액만큼 전세대출을 받기가 쉽지 않은 상황”이라며 “세입자 입장에선 어쩔 수 없이 보증부 월세(반전세)로 돌리게 되는데, 목동 주변을 떠날 수 없으니 시중금리보다 비싼 월세를 감수할 수밖에 없다”고 전했다. 그는 이어 “최근엔 이런 세입자가 많아지다 보니, 집주인이 먼저 월세로 돌리자는 제안을 하기도 한다”고 덧붙였다.지난 2021년 빌라 전세사기의 후폭풍으로 연립·다세대·오피스텔 중심으로 이뤄지던 ‘전세의 월세화’ 현상이 서울 아파트 임대차 시장으로 확산하고 있다.24일 국토교통부 실거래가공개시스템에 따르면, 올해 7월(23일 기준) 서울 아파트 임대차 갱신 계약 중 전세가 반전세(또는 월세)로 바뀐 건수는 220건으로 전체의 5%였다. 1년 전엔 159건(3.6%)이었다. 부동산 플랫폼 아실에 따르면 23일 현재 서울 아파트 전세 매물은 2만4343건으로 대출 규제 발표날인 지난달 27일보다 2.1%(512건) 줄었다. 월세 매물은 3.4%(653건) 증가한 1만9449건이었다.우선 수도권 주택에 대한 전세대출 보증 비율이 축소된 여파로 풀이된다. 주택도시보증공사(HUG)는 지난 6월 수도권과 규제 지역에서 전세대출 보증 비율을 100%에서 90%로 낮춘 데 이어, 이달 21일에는 80%로 또 낮췄다. 전세대출 보증은 세입자가 은행 등 금융회사로부터 전세대출을 받을 때 보증기관이 해당 대출 상환을 보증하는 것이다. 세입자가 1억원을 대출받았다면 기존에는 보증기관이 세입자가 대출금을 갚지 못할 때 1억원을 대신 갚아줬지만, 앞으로는 8000만원까지만 갚아준다는 의미다. 결국 금융사의 위험 부담이 커지다 보니 대출 한도가 주는 수순으로 이어지고 있다.갭투자에 활용되던 ‘소유권 이전 조건부 전세대출’이 금지된 영향도 있다. 집주인이 전세 보증금으로 잔금을 치르고 소유권을 얻는 조건으로 나오는 대출이다. 통상 신축 아파트에선 분양권자가 이 제도를 활용해 전세 매물을 많이 내놓는다.현재 입주를 앞둔 아파트 단지들의 매물을 보면 월세가 전·월세 매물의 3분의 1 이상을 차지하고 있다. 아실에 올라온 성동구 라체르보푸르지오써밋의 전·월세 물건 472건 중 월세(176건) 비중은 37.2%다. 지난달 입주를 시작한 서울 서초구 메이플자이는 월세(1067건) 비중이 전·월세 물건(2349건)의 45%에 달한다.전문가들은 주택의 월세화가 진행되면서 월세액도 상승할 것으로 우려하고 있다. 실제 한국부동산원 월간 주택가격 통계를 보면 지난달 서울의 주택 월세 지수는 100.5로 2015년 통계 공개 이후 역대 최고를 기록했다. 2023년 8월 97.0을 기록한 이후 1년 10개월째 상승세다. 윤지해 부동산 R114 수석연구위원은 “최근 부동산 대책으로 매수 심리가 꺾이면서 일부는 임대차로 수요가 넘어갔다”며 “전세가 충분히 공급되지 않으니, 월세로 몰리는 구조”라고 설명했다.다만 채상욱 커넥티드그라운드 대표는 “금리가 낮은 전세대출이 과도하게 풀리며 전셋값 초과 상승을 이끌었다”며 “대출 한도를 줄이면 전셋값이 될 것”이라고 밝혔다. 세입자를 구하기 어려워진 집주인이 전셋값을 내리고, 일부 지역에선 급매물이 증가할 수 있다는 것이다.정은혜 기자 jeong.eunhye1@joongang.co.kr",2025-07-25T00:02:01+09:00
https://www.joongang.co.kr/article/25352814,"한 시중은행에 게시돼 있는 전세자금 대출 안내 홍보물. 연합뉴스21일부터 수도권과 규제 지역에서 주택도시보증공사(HUG)의 전세 대출 보증 비율이 90%에서 80%로 하향 조정된다. 전셋값을 누르는 효과가 나타날 것이라는 전망이 우세하지만, 매물 감소로 되려 전세가격이 오를 수 있다는 우려도 나온다.이번 조치는 지난 6·27 대출 규제의 일환이다. 전세 대출에 대한 금융사의 여신 심사를 강화해 ‘과잉 대출’을 막겠다는 취지다. 기존에는 세입자가 은행에 전세 대출금을 갚지 못해도 HUG가 90%까지 대신 갚아줬는데, 이를 10%포인트 줄이면 그만큼 금융사의 위험 부담이 커져 대출 한도가 줄게 된다. 가령 전세 보증금이 5억원인 집에 들어가려면 세입자는 기존엔 3억6000만원까지 대출을 받을 수 있었지만 이날부턴 3억2000만원으로 한도가 준다. 앞서 지난 6월 HUG는 보증 비율을 100%에서 90%로 낮췄다.정부는 보증 비율 축소가 전셋값 안정에 기여할 것이란 입장이다. 전세 대출이 전셋값과 집값을 떠받치는 지렛대 역할을 했다는 지적이 많았는데, 보증 비율 축소로 전세시장으로 유입되는 돈이 줄면서 전셋값을 내리는 효과가 나타날 것이라는 얘기다. 채상욱 커넥티드그라운드 대표는 “과도한 전세 대출이 전셋값 초과 상승을 이끌었다”며 “대출 한도를 줄이면 전셋값이 조정될 것”이라고 밝혔다. 세입자를 구하기 어려워진 집주인이 전세가격을 내리고, 일부 지역에선 전세·분양권 급매물이 증가할 것이라는 전망도 나온다.서울 한 건물에 입주한 주택도시보증공사 간판 모습. 연합뉴스반면 전세를 보증부 월세(반전세)로 전환하는 집주인이 늘면서 세입자의 주거비 부담이 커질 수 있다는 지적도 있다. 특히 수도권 입주 물량이 감소하고 전셋값이 상승하는 와중에 6·27 규제로 전세를 낀 갭투자가 원천 차단되면서 전세 물량 가뭄이 발생할 수도 있다. 세입자의 전세 보증금으로 잔금을 치르는 소유권 이전 조건부 전세 대출도 막히면서 서울 주요 지역에선 월세 매물이 늘고 있다. 남혁우 우리은행 부동산컨설턴트는 “전·월세 시장은 유기적으로 연결돼 있다""며 ""월세 가속화로 전세 매물이 감소하면 결국 전세가격 상승 압력이 커질 수밖에 없다”고 말했다.임대차 양극화가 심화할 수 있다는 견해도 있다. 보증 비율이 줄면 세입자가 스스로 조달해야 할 금액이 늘어난다. 하지만 자본력이 있는 세입자가 많이 거주하고, 전세가율(매맷값 대비 전셋값)이 상대적으로 낮은 강남권 등은 이런 타격이 덜 할 수 있다. 남 컨설턴트는 “집주인이 자본력이 있는 세입자를 선호하면서 임대차 시장에서도 양극화가 심화할 수 있다”고 내다봤다.김태윤 기자 pin21@joongang.co.kr",2025-07-20T14:54:14+09:00
https://www.joongang.co.kr/article/25352365,"서울 아파트값이 6·27 대출 규제의 본격 영향권에 들었다. 특히 한강벨트 지역 상승폭이 크게 줄며 서울 전체 아파트값 오름세가 세 주 연속 둔화했다. 하지만 재건축 기대감이 큰 일부 노후 단지는 되레 매맷값이 급등한 것으로 나타났다.17일 한국부동산원에 따르면 7월 둘째 주 서울 아파트값은 전주 대비 0.19% 올랐다. 6·27 규제가 일부 반영된 6월 마지막 주(0.4%)와 7월 첫 주(0.29%)에 이어 3주 연속 상승폭이 줄었다. 특히 25개 자치구 중 중구와 도봉·중랑구를 제외한 22개 구의 상승폭이 둔화했다. 한국부동산원은 “일부 신축과 역세권 단지 등에서 상승세가 지속하고 있지만, 매수 관망세가 심화하면서 거래가 감소하는 등 서울 전체 상승폭이 축소됐다”고 설명했다.차준홍 기자최근 집값이 급등했던 지역일수록 규제 직격탄을 맞았다. 대출 규제 시행 직전 주간 기준 역대 최대 상승률을 보였던 마포구(0.6→0.24%)는 전주보다 0.36%포인트 하락하며 서울에서 내림폭이 가장 컸다. 양천구(0.55→0.29%)와 성동구(0.7→0.45%)도 상승세가 크게 꺾였다. 강남구(0.34→0.15%), 영등포구(0.45→0.26%), 서초구(0.48→0.32%), 경기 과천시(0.47→0.39%) 등도 상승률이 둔화했다. 남혁우 우리은행 부동산컨설턴트는 “서울 토허제 구역과 풍선 효과 지역인 마포·성동 등 한강 신축 벨트, 경기 과천·분당 등 주요 타깃 지역이 이번 대출 규제의 직접적인 영향을 받았다”고 설명했다.고가 아파트 거래도 위축됐다. 부동산 중개업체 집토스에 따르면 6·27 규제 이후 수도권에서 10억원 초과 아파트 거래 비중은 16일 기준 12.1%로 규제 이전(1월 1일~6월 27일, 23.9%) 대비 반 토막 났다. 같은 기간 5억원 이하 거래 비중은 40.1%에서 50.4%로, 5억원 초과 10억원 이하는 36.1%에서 37.5%로 늘었다. 집토스는 “서울은 대출 규제 영향이 덜한 중저가 아파트 위주로 시장이 재편되고 있다”고 분석했다.다만 매맷값은 고가 아파트가 더 오른 것으로 나타났다. 10억원 초과 아파트는 규제 시행 이후 2.8% 올라 5억원 이하(0.9%), 5억원 초과∼10억원 이하(0.9%)를 웃돌았다. 특히 지어진 지 30년 넘은 서울 노후 단지는 규제 시행 이후 7.3% 급등해 신축(3.8%) 상승률을 압도했다.이재윤 집토스 대표는 “자금력이 있는 수요가 재건축 같은 확실한 투자처로만 몰리는 쏠림 현상이 나타나고 있다”고 말했다.김태윤 기자 pin21@joongang.co.kr",2025-07-18T00:02:00+09:00
https://www.joongang.co.kr/article/25353345,"서울의 한 부동산 중개업소에 붙은 전세·매매 안내문. 연합뉴스지난 2년 새 서울 국민평형(국평) 아파트 평균 전셋값이 6400만원가량 오른 것으로 나타났다. 경기 과천시는 수도권에서 전세가격 상승률이 가장 높았다.22일 부동산 중개업체 집토스에 따르면 올해 상반기 수도권 평균 전셋값은 2023년 상반기 대비 10.8%(4215만원) 오른 4억3278만원으로 집계됐다. 수도권 아파트 7878개 단지의 국토교통부 전세 실거래가격을 분석한 결과다.수도권 기준으로 중형·국평(60~84㎡) 전셋값은 2년 새 11.2% 상승했다. 소형(50~60㎡)과 대형(85㎡ 초과)은 각각 10.8%, 9.8% 올랐다. 서울의 경우 소형이 국평·대형보다 상승률이 높았다. 올해 상반기 서울 중형·국평 평균 전셋값은 6억196만원으로 2년 전보다 11.7%(6435만원) 상승했다. 같은 기간 소형(4억6137만원)은 12.7%, 대형(9억5738만원)은 10.4% 올랐다. 집토스는 “신혼부부나 3~4인 가구 등 실수요층이 가장 많이 찾는 중소형 평형 위주로 전세 수요가 몰리면서 가격 상승 압력이 더 크게 작용했기 때문”이라고 분석했다.눈에 띄는 것은 과천시다. 올 상반기 중형·국평 기준 과천 평균 전셋값은 8억5561만원으로 2년 새 21.9% 뛰었다. 같은 기간 수도권에서 전세가격이 20% 이상 오른 지역은 과천이 유일하다. 과천 전셋값은 서울 마용성(마포·용산·성동구)보다 높았고 강남구(9억481만원)에 근접한 것으로 나타났다. 강남 접근성과 정주 여건이 좋은 데다 최근 입주 물량이 줄면서 원문·별양·중앙동 등 선호 단지 위주로 젊은 층의 전세 수요가 몰렸기 때문으로 풀이된다.경기 양주(19.3%)와 인천 중구(19%), 경기 구리(17.3%), 화성(16.6%), 인천 서구(16.1%) 등도 상대적으로 전셋값 상승률이 높았다. 서울에선 마포구가 15.4%로 가장 많이 올랐다. 다음은 서대문구(14.4%), 동작구(14%), 강남구(13.7%) 순이었다.김태윤 기자 pin21@joongang.co.kr",2025-07-22T13:57:22+09:00
https://www.joongang.co.kr/article/25354047,"지난 1일 서울 서초구의 한 공인중개사무소에 월세 매물 안내문이 전세와 비슷한 비중으로 창문에 붙어 있다. 뉴스1최근 서울 양천구의 한 84㎡형 아파트의 임대차 갱신 계약은 기존 전세 보증금 9억원을 6억5000만원으로 낮추고 월 100만원씩 납부하는 조건으로 바뀌었다. 줄어든 보증금에 대한 월세는 금리로 환산하면 연 4.8% 수준으로, 최근 시중은행의 전세대출 금리(3.5~4%)보다 높다. 양천구의 한 공인중개사는 “6ㆍ27 대출 규제 이후, 원하는 금액만큼 전세 대출을 받기가 쉽지 않은 상황”이라며 “세입자 입장에선 어쩔 수 없이 보증부 월세(반전세)로 돌리게 되는데, 목동 주변을 떠날 수 없으니 월세 부담을 감수할 수밖에 없다”고 전했다. 그는 이어 “최근엔 이런 세입자가 많아지다 보니 집주인이 먼저 월세로 돌리자는 제안을 하기도 한다”고 덧붙였다.서울 아파트 임대차 시장에서 전세의 월세화 흐름이 빨라지는 조짐이다. 지난 2021년 빌라 전세사기의 후폭풍으로 연립ㆍ다세대ㆍ오피스텔 중심으로 이뤄지던 월세화 현상은, 최근 정부의 6ㆍ27 전세대출 제한 조치 이후 아파트로까지 확산하고 있다.24일 국토교통부 실거래가공개시스템에 따르면, 올해 7월(23일 기준) 서울 아파트 임대차 갱신 계약 중 전세가 반전세(또는 월세)로 바뀐 건수는 220건으로 전체 갱신 계약의 5%에 해당했다. 1년 전 같은 기간엔 159건(3.6%)이었다.  부동산 플랫폼 아실에 따르면 23일 현재 서울 아파트 전세 매물은 2만4343건으로 대출규제 발표날인 지난달 27일보다 2.1%(512건) 줄었다. 월세 매물은 3.4%(653건) 증가한 1만9449건이었다.차준홍 기자우선 수도권 주택에 대한 전세대출 보증비율이 축소된 여파로 풀이된다. 주택도시보증공사(HUG)는 지난 6월 수도권과 규제 지역에서 전세 대출 보증 비율을 100%에서 90%로 낮춘 데 이어, 이달 21일에는 80%로 또 낮췄다.전세대출 보증은 세입자가 은행 등 금융회사로부터 전세대출을 받을 때 보증기관이 해당 대출 상환을 보증하는 것이다. 세입자가 1억원을 대출받았다면 기존에는 보증기관이 세입자가 대출금을 갚지 못할 때 1억원을 대신 갚아줬지만, 앞으로는 8000만원까지만 갚아준다는 의미다. 결국 금융사의 위험 부담이 커지다 보니 대출 한도가 주는 수순으로 이어지고 있다.갭투자에 활용되던 ‘소유권 이전 조건부 전세대출’이 금지된 영향도 있다. 집주인이 전세 보증금으로 잔금을 치르고 소유권을 얻는 조건으로 나오는 대출이다. 통상 신축 아파트에선 분양권자가 이 제도를 활용해 전세 매물을 많이 내놓는다.현재 입주를 앞둔 아파트 단지들의 매물을 보면 월세가 전ㆍ월세 매물의 3분의 1 이상을 차지하고 있다. 아실에 올라온 성동구 라체르보푸르지오써밋의 전ㆍ월세 물건 472건 중 월세(176건) 비중은 37.2%다. 지난달 입주를 시작한 서울 서초구 메이플자이는 월세(1067건) 비중이 전ㆍ월세 물건(2349건)의 45%에 달한다.24일 서울 남산에서 바라본 서울 시내에 아파트가 빼곡히 들어서 있다. 뉴스1전문가들은 주택의 월세화가 진행되면서 월세액도 상승할 것으로 우려하고 있다. 실제 한국부동산원 월간 주택가격 통계를 보면 지난달 서울의 주택 월세 지수는 100.5로 2015년 통계 공개 이후 역대 최고를 기록했다. 2023년 8월 97.0을 기록한 이후 1년 10개월째 상승세다. 윤지해 부동산 R114 수석연구위원은 “최근 부동산 대책으로 매수 심리가 꺾이면서 일부는 임대차로 수요가 넘어갔다”며 “전세가 충분히 공급되지 않으니, 월세로 몰리는 구조”라고 설명했다.다만 장기적으로는 전ㆍ월세가 안정될 거란 시각도 있다. 채상욱 커넥티드그라운드 대표는 “금리가 낮은 전세 대출이 과도하게 풀리며 전셋값 초과 상승을 이끌었다”며 “대출 한도를 줄이면 전셋값이 될 것”이라고 밝혔다. 세입자를 구하기 어려워진 집주인이 전셋값을 내리고, 일부 지역에선 급매물이 증가할 수 있다는 것이다.한편 서울 아파트 매매가격 상승세도 6ㆍ27 부동산 대책 영향으로 4주째 둔화 흐름을 보였다. 한국부동산원이 발표한 7월 셋째 주(7월 21일 기준) 전국 주간 아파트 가격 동향 조사 결과를 보면 서울 아파트 매매가격은 0.16% 올라 전주(0.19%) 대비 상승폭이 0.03%포인트 축소됐다. 일부 재건축 추진 단지와 대단지 등 선호단지 중심으로 가격이 오르기도 했으나, 매수 관망세가 지속하고 거래량이 줄어들면서 전체 상승폭은 축소됐다고 부동산원은 설명했다.정은혜 기자 jeong.eunhye1@joongang.co.kr",2025-07-24T17:00:15+09:00
https://www.joongang.co.kr/article/25353066,"대구 중구에서 바라본 대구 도심 아파트. 뉴시스지난달 말 울산 남구 선암동에 있는 스위트빌 아파트 전용 153㎡형은 4억3000만원에 거래됐다. 이 단지 역대 최고가다. 1년 전과 비교하면 1억원가량 오른 액수다. 비슷한 시기 강원도 속초시 속초롯데캐슬인더스카이 84㎡형은 직전 거래보다 15%가량 오른 5억2500만원에 매매됐다.오랜 침체에 빠졌던 지방 부동산 시장에 변화의 조짐이 보인다. 집값 하락폭이 둔화하고 일부 지역은 바닥을 치며 상승 전환했다. 다만 봄볕이 특정 지역에만 비치며 지역별 기상도는 엇갈릴 전망이다.김주원 기자21일 한국부동산원에 따르면 지난 6월 지방 주택 종합 매매가격지수는 전월 대비 0.09% 하락했다. 19개월 연속 내림세다. 하지만 전월(-0.12%)보다 내림폭은 줄었다. 전북(0.11%)과 충북(0.08%)은 오름폭이 커졌고 강원(0.02%)은 상승 전환했다. 울산은 보합세를 나타냈다. 지방 아파트값 역시 7월 둘째 주 기준으로 59주 연속 하락했지만 14개 광역시·도 중 4곳(세종·울산·충북·전북)은 가격이 올랐다.한국부동산원의 6월 지방 아파트 실거래 잠정지수는 더 긍정적이다. 지방 전체는 전월 대비 0.34%, 5대 광역시는 0.36% 올랐다. 잠정지수는 표본 통계와 달리 실거래 신고 자료를 가집계한 결과로 오는 8월 공표된다. 박원갑 KB국민은행 부동산수석전문위원은 “지방도 올해부터 입주 물량이 줄어든 데다 지난 6·27 대출 규제와 7월부터 시행된 3단계 스트레스 DSR 적용 대상에서 빠진 것이 영향을 미쳤다”고 분석했다.김주원 기자지역별 전망은 갈린다. 한국주택금융공사(HF) 주택금융연구원이 최근 펴낸 보고서에 따르면, 울산과 세종·광주·강원·충남은 소폭 상승 또는 보합세를 보일 전망이다. 최영상 주택금융연구원 연구위원은 “울산은 최근 조선업 활황으로 지역 경제가 호전됨에 따라 당분간 상승세를 유지할 것”으로 내다봤다. 광주는 올해 들어 집값 하락세가 둔화되고, 강원과 충청권은 거래량이 회복 중이다. 세종은 행정수도 이전 논의 등 정책적 기대감이 반영되고 있다.반면 부산과 대구는 주택 수요 위축과 공급 과잉으로 올 하반기에도 하락세가 지속될 전망이다. 경남·경북 역시 지역 경기 침체와 준공 후 미분양 증가 등으로 집값 약세가 이어질 것으로 보인다. 다만 최 위원은 “장기적으로 새 정부의 부울경 메가시티 정책이 주택시장에 영향을 미칠 가능성이 있다”고 진단했다. 전남·제주 역시 미분양 부담 등으로 추가적인 가격 하락이 예상된다. 박원갑 위원은 “핵심 수요층인 젊은 인구의 유출과 지역 경제 침체 등을 고려할 때 지방 집값이 본격 상승세로 접어들기는 쉽지 않다”고 말했다.무엇보다 근본적인 대책 없이는 지방 집값이 바닥을 벗어나기 어렵다는 지적이 많다. 한국부동산원이 펴낸 학술지 ‘부동산분석’에 따르면 지방 부동산을 억누르는 미분양 문제는 1인당 지역내총생산(GRDP), 소득 증가를 포함한 소비 심리, 경제활동인구 변화와 밀접한 연관이 있다. 특히 5대 광역시는 일자리 창출과 같은 경제활동인구 증가 정책이, 기타 지방은 주택구매 부담 완화 등이 시장 심리를 개선하는 데 효과적인 것으로 나타났다. 이현석 건국대 부동산학과 교수는 “지방 부동산 심리 안정화와 함께 지역별 특성을 반영한 맞춤형 정책 접근이 필수적”이라며 “경제활동인구 변화, 주택 구매 여력, 기존 주택 공급량 등을 종합적으로 고려한 정책 설계가 필요하다”고 강조했다.김태윤 기자 pin21@joongang.co.kr",2025-07-21T14:49:18+09:00
https://www.joongang.co.kr/article/25354639,"올해 상반기 서울 강남 3구를 중심으로 ‘팔지 않고 물려주는’ 움직임이 뚜렷해지고 있는 것으로 나타났다. 잦은 부동산 정책 변화에 대한 불신과 ‘핵심지는 결국 오른다’는 학습효과가 배경으로 꼽힌다.27일 대법원 등기정보광장에 따르면, 올해 1~6월 서울 강남권(강남·송파·서초) 집합건물 증여 목적 소유권 이전 건수는 총 824건으로 지난해 같은 기간 대비 22% 증가했다. 자치구별로는 강남(336건)·송파(253건)·서초(235건) 순으로 증여 건수가 가장 많았다. 최근 3년간 상반기 기준으로 보면 2023년 520건, 지난해 675건 등 강남권 아파트 증여 건수는 계속 늘고 있다.이런 흐름은 가격 급등세가 꺾이기 시작한 지난 6·27 대출 규제 이후에도 이어지는 모습이다. 자산가치가 계속 상승할 때 상대적으로 낮은 가격에 증여해 세부담을 줄이는 게 일반적인데, 이례적이라는 평가다. 올해 7월(25일 기준) 강남 3구 증여 건수를 모두 합치면 119건이다. 올해 상반기 동기(매월 1~25일) 평균(111.7건)보다 높고, 지난해 같은 기간(7월 1~25일)보다도 36.8% 급등했다.강남권 자산가들이 매매 대신 보유·증여 전략을 취하는 배경으로는 불확실한 부동산 정책 기조가 첫손에 꼽힌다. 양지영 신한투자증권 자산관리컨설팅부 수석은 “투기과열지구와 토지거래허가구역 지정 같은 핀셋 규제와, 세제 정책의 잦은 변경이 시장에서는 장기적 정책 신뢰도를 낮추고 있다”며 “정책 불확실성이 커지면 자산가는 ‘안전자산 보유’로 대응하는데, 이것이 강남 3구 아파트 증여로 나타난 것”이라고 말했다.다주택자 양도세 중과가 부활할 가능성도 주요 요인으로 꼽힌다. 앞서 윤석열 정부는 문재인 정부에서 시작된 다주택자 양도세 중과를 일시적으로 배제 조치했다. 올해 초 연장된 배제 기간은 내년 5월에 만료된다. 박원갑 KB국민은행 부동산수석전문위원은 “상반기에는 부동산 가격 상승세가 계속 이어질 것이라는 전망이 많았다”며 “여기에 정권 교체가 유력해 절세를 위해 서둘러 증여를 한 것으로 보인다”고 분석했다.여기에 이들 지역은 과거 고강도 규제에도 부동산 가격이 중장기적으로 상승했다는 학습효과가 작용했다는 분석이 나온다. 이른바 ‘똘똘한 한 채’에 대한 믿음이다. 우병탁 신한은행 프리미어패스파인더 부동산전문위원은 “대출 규제 이후 강남권 아파트 가격이 안정된다면, 이 역시 세금을 덜 수 있는 ‘증여 타이밍’으로 여겨진다”며 “이는 물론 단기적 안정기 이후에는 결국에는 상승할 거라는 생각에 기반한 것”이라고 설명했다.정은혜 기자 jeong.eunhye1@joongang.co.kr",2025-07-28T00:01:02+09:00
https://www.joongang.co.kr/article/25353324,"서울 시내 한 부동산 전월세 관련 안내문. 연합뉴스수도권 아파트 전셋값이 2년 전보다 평균 4000만원 이상 상승하면서 세입자들의 보증금 부담이 크게 늘어난 것으로 나타났다.22일 부동산 중개업체 집토스가 국토교통부 실거래가 조회시스템 자료를 분석한 결과, 2023년 상반기와 2025년 상반기 사이 수도권 아파트 7878개 단지의 평균 전셋값은 3억9063만원에서 4억3278만원으로 4215만원(약 10.8%) 증가했다.특히 전용면적 60∼85㎡ 규모의 이른바 ‘국민평형’ 아파트 전셋값 상승세가 가장 뚜렷했다. 이 평형대의 보증금은 평균 11.2%(4380만원) 올랐고, 소형(50∼60㎡)은 10.8%(3590만원), 대형(85㎡ 초과)은 9.8%(6041만원), 초소형(50㎡ 이하)은 5.6%(1327만원) 상승했다.서울에서는 국평 아파트의 평균 전세보증금이 2년 전 5억3760만원에서 올해 6억196만원으로 6435만원(11.7%) 늘어났다.지역별로는 경기도 과천시 국평 아파트의 전셋값이 21.9%(1억5450만원) 올라 수도권에서 가장 높은 상승률을 기록했다. 양주시(19.3%), 구리시(17.3%), 화성시(16.6%), 시흥시(15.4%) 등도 높은 상승폭을 보였다.서울에서는 마포구(15.4%), 서대문구(14.4%), 동작구(14.0%) 등의 상승률이 두드러졌으며, 금액 기준으로는 서초구(1억1717만원), 강남구(1억1081만원) 등의 고가 지역에서 큰 상승이 나타났다.이재윤 집토스 대표는 “매매시장 불확실성이 지속되는 상황에서 전세 수요는 유지되고 있어 세입자들의 전세보증금 부담이 한계에 다다르고 있다”고 진단했다.정재홍 기자 hongj@joongang.co.kr",2025-07-22T11:35:56+09:00
https://www.joongang.co.kr/article/25351683,"서울 시내 한 부동산에 전월세 매물 안내문이 붙어 있다. 연합뉴스서울을 포함한 수도권 전셋값 오름세가 멈출 조짐을 보이지 않는다. 급등 양상은 아니지만 상승 폭이 점차 커지며 전·월세 시장 불안을 키우고 있다. 특히 6·27 대출 규제로 전세 매물이 줄면서, 전셋값 상승은 물론 '전세의 월세화'도 가속할 것으로 전망된다.15일 한국부동산원에 따르면 6월 서울 주택 전세가격은 전월 대비 0.24% 오르며 지난달(0.15%)보다 상승 폭을 키웠다. 서울 아파트 전셋값은 0.33% 올랐다. 수도권 전체 주택과 아파트 전셋값 역시 각각 0.11%, 0.13% 상승하며 오름폭이 확대됐다.김주원 기자서울 25개 자치구 중에선 6월 입주 물량이 많았던 서초구(-0.3%)를 제외한 24개 구의 전셋값이 모두 올랐다. 반면 지방 전셋값은 7개월째 하락세가 이어갔다. 한국부동산원은 ""서울의 일부 선호 단지에서 매물 부족이 나타나며 서울 전체 상승폭이 확대됐다""고 설명했다.민간 조사 기관 수치는 더 심각하다. KB국민은행에 따르면 6월 수도권 전세가격지수는 0.17% 오르며 23개월 내리 올랐다. 서울은 0.29%, 경기도는 0.12% 상승한 것으로 나타났다. 수도권과 지방간 ‘전세 양극화’도 심화하고 있다. 6월 전국 전세가격 5분위 배율(상위 20% 평균을 하위 20%로 나눈 값)은 7.7로 2022년 11월 이후 가장 높았다. 서울은 전셋값이 가장 높은 5분위가 12억3817만원, 광역시를 제외한 지방은 3억2983만원이었다(KB부동산).김주원 기자올 하반기에도 수도권 전셋값 상승은 이어질 전망이다. KB금융지주 경영연구소는 최근 보고서에서 “올 하반기 수도권 아파트 입주 물량은 6만4000가구로 상반기 대비 17% 감소할 전망”이라며 “전세 수요를 고려할 때 전셋값 추가 상승으로 이어질 수 있다”고 내다봤다.여기에 6.27 규제로 갭투자가 원천 차단되고 소유권 이전 조건부 전세 대출 등이 막히면서 전세 매물은 더 줄 수 있다. 매물 감소는 전셋값 상승으로 이어지고, 전세값이 오르면 집값도 상승 압력을 받는다. 함영진 우리은행 부동산리서치랩장은 “고강도 대출 규제에다 이달 21일부터는 주택도시보증공사(HUG)의 전세대출 보증 비율이 90%에서 80%로 강화되면서 전세 매물 부족, 전세가 상승, 전세의 월세화가 야기될 수 있다”고 말했다. 정부가 유주택자의 전세자금 대출 금지, 전세 대출 상한액 설정 등 추가 규제에 나설지도 변수다.김영옥 기자전세의 월세화도 가팔라지고 있다. 지난 5월 기준 전·월세 거래 중 월세 비중은 63.1%로 2021년 6월 주택임대차 계약 신고제 시행 이후 최고치를 기록했다. 수도권과 비수도권 월세 비중은 각각 61.6%, 66.1%였다. 아파트만 따로 보면 수도권(44.6%), 비수도권(47.3%) 모두 최근 5년 평균치를 웃돌았다. 대출 규제로 인해 보증금 일부를 월세로 돌리려는 임대차인이 늘면서 반전세(보증부 월세)도 증가할 전망이다.월세도 오르고 있다. 6월 수도권과 서울 아파트 월세는 전월 대비 각각 0.13%, 0.29% 오르며 상승폭을 키웠다(한국부동산원). 김성환 건설산업연구원 부연구위원은 ""월세 상승과 월세화 가속으로 체감 주거비가 증가하고 있다""며 ""공공과 민간의 임대주택 확충을 통해 공급 기반을 강화해야 한다""고 강조했다. 박원갑 KB국민은행 부동산수석전문위원은 ""수도권은 입주 물량이 줄어든 데다 전세 사기 여파로 수급 불균형이 심한 상황""이라며 ""향후 아파트 전·월세시장이 더 불안해질 가능성이 있기 때문에 정부의 모니터링을 강화할 필요가 있다""고 말했다.한편, 6월 서울 아파트 매매 가격은 전달보다 1.44% 오른 것으로 나타났다. 2018년 9월(1.84%) 이후 6년 9개월 만의 최고치다. 송파구가 2.38% 올라 2018년 1월(2.45%) 이후 7년 6개월 만에 가장 큰 폭으로 상승했다. 빌라 등을 포함한 서울 전체 집값은 0.95% 상승했다. 지방은 0.09% 하락했다.김태윤 기자 pin21@joongang.co.kr",2025-07-15T16:29:30+09:00
https://www.joongang.co.kr/article/25352906,"21일부터 수도권과 규제 지역에서 주택도시보증공사(HUG)의 전세 대출 보증 비율이 90%에서 80%로 내려간다. 보증 비율 축소가 전셋값을 누르는 효과를 낼 것이란 전망이 우세하지만, 매물 감소로 되려 전세가격이 오를 수 있다는 우려도 나온다.이번 조치는 지난 6·27 대출 규제의 일환이다. 전세 대출에 대한 금융사의 여신 심사를 강화해 ‘과잉 대출’을 막겠다는 취지다. 기존에는 세입자가 은행에 전세 대출금을 갚지 못해도 HUG가 90%까지 대신 갚아줬는데, 이를 10%포인트 낮추면 그만큼 금융사의 위험 부담이 커져 대출 한도가 줄게 된다. 가령 전세 보증금이 5억원인 집에 들어가려면 세입자는 기존엔 3억6000만원까지 대출을 받을 수 있었지만 이날부턴 3억2000만원으로 한도가 준다. 앞서 지난 6월 HUG는 보증 비율을 100%에서 90%로 낮췄다.정부는 보증 비율 축소가 전셋값 안정에 기여할 것이란 입장이다. 전세 대출이 전셋값과 집값을 떠받치는 지렛대 역할을 했다는 지적이 많았다. 보증 비율 축소로 전세시장으로 유입되는 돈이 줄면서 전셋값을 내리는 효과가 나타날 것이라는 얘기다. 채상욱 커넥티드그라운드 대표는 “과도한 전세 대출이 전셋값 초과 상승을 이끌었다”며 “대출 한도를 줄이면 전셋값이 조정될 것”이라고 밝혔다. 세입자를 구하기 어려워진 집주인이 전세가격을 내리고, 일부 지역에선 전세·분양권 급매물이 증가할 것이라는 전망도 나온다.반면 전세를 보증부 월세(반전세)로 전환하는 집주인이 늘면서 세입자의 주거비 부담이 커질 수 있다는 지적도 있다. 특히 수도권 입주 물량이 감소하고 전셋값이 상승하는 와중에 6·27 규제로 전세를 낀 갭투자가 원천 차단되면서 전세 물량 가뭄이 발생할 수도 있다. 세입자의 전세 보증금으로 잔금을 치르는 소유권 이전 조건부 전세 대출도 막히면서 서울 주요 지역에선 월세 매물이 늘고 있다. 남혁우 우리은행 부동산컨설턴트는 “전·월세 시장은 유기적으로 연결돼 있다”며 “월세 가속화로 전세 매물이 감소하면 결국 전세가격 상승 압력이 커질 수밖에 없다”고 말했다.임대차 양극화가 심화할 수 있다는 견해도 있다. 보증 비율이 줄면 세입자가 스스로 조달해야 할 금액이 늘어난다. 하지만 자본력이 있는 세입자가 많이 거주하고, 전세가율(매맷값 대비 전셋값)이 상대적으로 낮은 강남권 등은 이런 타격이 덜 할 수 있다. 남 컨설턴트는 “집주인이 자본력이 있는 세입자를 선호하면서 임대차 시장에서도 양극화가 심화할 수 있다”고 내다봤다.김태윤 기자 pin21@joongang.co.kr",2025-07-21T00:01:02+09:00
https://www.joongang.co.kr/article/25353896,"남양주왕숙 A-1블록 조감도. 국토교통부국토교통부와 한국토지주택공사(LH)는 24일부터 3기 신도시 남양주왕숙 지구에서 첫 본청약(A-1·A-2블록)을 개시한다고 밝혔다. 새 정부 출범 이후 첫 번째 3기 신도시 본청약 공급으로, 하반기 수도권 공공택지에서 순차적으로 공급될 1만 2000가구 규모의 공공분양 주택의 신호탄이다.이번에 공급되는 A-1·A-2블록 물량은 총 1030가구로, 전용면적 46㎡·55㎡·59㎡의 소형 평형 위주로 구성됐다. 실수요자의 선호도가 높은 소형 주택 중심 공급을 통해 실질적인 주거 안정을 도모할 계획이다.단지는 왕숙천 수변공원과 선형공원 인근에 조성돼 쾌적한 주거 환경을 자랑하며, 다함께 돌봄센터 등 다양한 육아 지원시설도 함께 조성돼 ‘아이키우기 좋은 단지’로 주목받고 있다. 여기에 더해 단지 인근 풍양역(진접2지구 내)에는 향후 서울지하철 4호선 및 9호선 연장선이 들어설 예정으로, 우수한 교통 접근성도 갖췄다.국토부에 따르면 남양주왕숙 지구는 GTX-B노선, 강동하남남양주선(지하철 9호선 연장), 경춘선이 연결되는 트리플 역세권이 될 예정이며 수도권제1순환고속도로와세종포천고속도로 접근성도 높아 서울과 수도권 주요지로의 이동이 용이할 것으로 보인다.또한, 신도시 내 약 120만㎡ 규모의 왕숙도시첨단산업단지 조성이 추진 중이며, 카카오 데이터센터와 우리금융 금융연구개발센터 등이 입주를 위한 투자협약을 체결한 바 있어 자족기능을 갖춘 대표 신도시로의 도약이 기대된다.분양가는 인근 남양주 별내·다산 지구 대비 합리적인 수준으로 책정됐으며, 분양가상한제가 적용된다. 전매제한은 있으나 실거주 의무는 없다. 내부 구조는 거실과 주방 대형화, 다양한 옵션 제공, 현관창고·드레스룸 등 수납공간 강화 등 최근 주거 트렌드를 반영했다.국토교통부입주자 모집 공고는 24일, 청약 접수는 8월 4일부터 시작된다. 당첨자 발표와 계약 체결은 순차적으로 진행되며, 입주는 2028년 8월 예정이다.국토교통부한편, LH는 남양주 별내동에 3기 신도시 최대 규모의 주택전시관을 신축해 25일 개관하며, 26일부터 일반에 공개한다. 온라인사이버모델하우스(https://lh-ws.co.kr)를 통해서도 견본주택을 확인할 수 있다. 전시관은 유휴기간 중 업사이클 체험, 소규모 강좌, 음악회 등 다양한 문화예술 프로그램이 진행되는 복합문화공간으로도 활용될 예정이다.무주택 신혼부부의 경우, 소득과 자산 등 입주자격을 충족하면 특별공급과 일반공급에 중복 신청이 가능해 실질적인 내 집 마련 기회가 확대될 것으로 보인다.청약 관련 자세한 정보는 LH청약플러스(apply.lh.or.kr) 또는 전화상담(031-719-8982)을 통해 확인할 수 있다.신도시 남양주왕숙 지구 위치도, 토지이용계획도, 조감도. 국토교통부김배성 국토부 공공주택추진단장은“이번 공급은 새 정부의 공급 확대 기조에 맞춰 수도권 주택시장의 안정화에 기여할 중요한 첫걸음”이라며 “왕숙지구를 시작으로 수도권 주택공급의 속도를 높여 가겠다”고 밝혔다.김성연 LH 경기북부지역본부장도 “왕숙지구가 수도권 대표 자족형 신도시로 자리매김할 수 있도록 최선을 다하겠다”고 전했다.조문규 기자 chomg@joongang.co.kr이 기사는 구글 클라우드의 생성 AI를 기반으로 중앙일보가 만든 AI 시스템의 도움을 받아 작성했습니다.",2025-07-24T09:18:52+09:00
