url,title,content
https://www.mk.co.kr/news/realestate/11323758,이제 좀 내리나 했더니...또 서울 집값만 뜀폭 키우는 이유가,주가 정보
https://www.mk.co.kr/news/realestate/11323646,토허제도 못 말린 ‘똘똘한 한채’ 선호…강남·용산 집값 상승폭 또 올라,주가 정보
https://www.mk.co.kr/news/realestate/11323555,"‘칸타빌’ 대원, 베트남 부동산 투자·개발 성과 잇따라",주가 정보
https://www.mk.co.kr/news/realestate/11323507,"높이규제지역 공공기여 줄이고, 지하철역 250m 이내 준주거 종상향",주가 정보
https://www.mk.co.kr/news/realestate/11323320,“강남도 용산도 아닌데 국평 30억 찍었다”…토허제 비껴간 이 동네 ‘후끈’,주가 정보
https://www.mk.co.kr/news/realestate/11322715,130억원을 현금으로 ‘턱’…갭투자 불가 압구정 아파트 매입 40대 비결,주가 정보
https://www.mk.co.kr/news/realestate/11322697,"“경기 광주 최고 39층”…효성중공업, ‘해링턴 스퀘어 리버파크’ 내달 공급",주가 정보
https://www.mk.co.kr/news/realestate/11322577,"여의도 광장아파트, 최고 56층·1391가구로 재탄생",주가 정보
https://www.mk.co.kr/news/realestate/11322541,“집 매수 계획 다 틀어졌다”…DSR 규제 강화 베일 벗자 무주택자들 ‘멘붕’,주가 정보
https://www.mk.co.kr/news/realestate/11322531,"현대건설, 英국가정원에 K-바람",주가 정보
https://www.mk.co.kr/news/realestate/11322530,집도 사람도 젊다···인구소멸 지방에도 이런 곳이?,주가 정보
https://www.mk.co.kr/news/realestate/11322527,"집값, 盧 4년차 ‘최고 상승’…尹 1년차 ‘최대 하락’",주가 정보
https://www.mk.co.kr/news/realestate/11322523,"GS건설, 검단 재시공 아파트 사업방식 전환 검토",주가 정보
https://www.mk.co.kr/news/economy/11322454,"“이것도 안 통하네”…악성 미분양, 이자 깎아줘도 안샀다",주가 정보
https://www.mk.co.kr/news/realestate/11322402,“한강 보이는 곳에 임대주택 배치하라”…서울시 요구에 잠실5단지 ‘부글부글’,주가 정보
https://www.mk.co.kr/news/realestate/11322389,"“그 가격에 누가 사요”…27차례나 못 판 부도아파트, 그래도 공매가는 안 내렸다",주가 정보
https://www.mk.co.kr/news/realestate/11322357,5억 동탄신도시 국평 1순위 경쟁률 69대 1,주가 정보
https://www.mk.co.kr/news/realestate/11322191,“열 달 만에 15억 껑충”…40대 부자가 130억에 산 ‘이 아파트’ 화제,주가 정보
https://www.mk.co.kr/news/realestate/11321754,"“6억도 안된다고요?”…15000명 군침 흘리며 달려갔다, 시세보다 1억 싸게 나왔다는 이 매물은",주가 정보
https://www.mk.co.kr/news/realestate/11321690,울산·대전 트램 공사 본격화…수혜 아파트 살펴보니,주가 정보
https://www.mk.co.kr/news/realestate/11321547,“전셋값 1% 오르면 집값은 0.655% 오른다”,주가 정보
https://www.mk.co.kr/news/realestate/11321445,봉천1-1구역 단독주택 재건축으로 807가구 공급,주가 정보
https://www.mk.co.kr/news/realestate/11321430,“서울이 제일 많이 오른 것 아니었어?”…대반전 ‘이 동네’ 집값 보니,주가 정보
https://www.mk.co.kr/news/realestate/11321270,"“만점부터 시작하겠습니다”…759대1 달하는 최고 경쟁률, 장기전세임대는 ‘로또’",주가 정보
https://www.mk.co.kr/news/realestate/11321267,“토허제 해제 효과 이 정도였어?”…3월 서울 아파트 거래량 1만건 넘겨,주가 정보
https://www.mk.co.kr/news/realestate/11320955,"주택업계, 교육부에 “과도한 학교시설 기부채납 개선” 건의",주가 정보
https://www.mk.co.kr/news/realestate/11320869,"양주역 제일풍경채, 계약 5일 만에 완판",주가 정보
https://www.mk.co.kr/news/realestate/11320739,"입주 2주년 맞은 검암역 로열파크씨티, 자부심 가득한 행사 성료",주가 정보
https://www.mk.co.kr/news/realestate/11320493,"회원용
이재명도 김문수도 이준석도 주택 공급 늘린다지만···실현 가능성은 글쎄 [부동산 이기자]",주가 정보
https://www.mk.co.kr/news/realestate/11320504,"“이름만 봐도 알수 있잖아”…많게는 1억 이상 차이난다, 무시 못할 브랜드差",주가 정보
https://www.mk.co.kr/news/realestate/11320432,“학교대신 예식장 기부해도 됩니다”···‘저출산 쇼크’에 재건축 기부체납 대상 확대,주가 정보
https://www.mk.co.kr/news/realestate/11320417,"“6월부터는 어떻게 될지 몰라”…예상 깨고 활기 띄는 분양시장, 물량 쏟아지네",주가 정보
https://www.mk.co.kr/news/realestate/11318918,서울대 연계 교육 특화 단지 ‘이천 부발역 에피트’ 눈길,주가 정보
https://www.mk.co.kr/news/realestate/11320034,서울 브랜드 대단지 ‘고척 푸르지오 힐스테이트’ 19일부터 청약 돌입,주가 정보
https://www.mk.co.kr/news/economy/11319909,"7월부터 가구당 평균소득 6000만원 벌어도, 주담대 1200만원 깎인다",주가 정보
https://www.mk.co.kr/news/realestate/11319804,“강남 펜트하우스 보고 코웃음 치더니”…계약금 입금 땐 ‘잠수’,주가 정보
https://www.mk.co.kr/news/realestate/11319788,"“여보, 드디어 기회가 온거 같아”…한동안 뜸했던 수도권 분양이 쏟아진다",주가 정보
https://www.mk.co.kr/news/realestate/11319787,“토허제 잠깐 풀었더니…” 서울 아파트 거래 4년8개월 만에 1만건 넘어,주가 정보
https://www.mk.co.kr/news/realestate/11319786,“내년 오피스텔 입주량 올해 3분의1”...전월세 시장 들썩이나,주가 정보
https://www.mk.co.kr/news/realestate/11319785,소규모 재건축 탄력…서울시 용적률 3년 한시 최고 300%까지 완화,주가 정보
https://www.mk.co.kr/news/realestate/11319102,10년새 경기도서 집값 가장 많이 오른 곳 ‘하남’…2·3위는 어디?,주가 정보
https://www.mk.co.kr/news/realestate/11319035,"e편한세상 대장 퍼스티움, 본청약 최고 경쟁률 39.5대 1",주가 정보
https://www.mk.co.kr/news/realestate/11318879,"을지로 한복판에 ‘5성급 오피스’…이을타워, 하이엔드 업무공간으로 탈바꿈",주가 정보
https://www.mk.co.kr/news/realestate/11318651,옛 서울극장 터에 26층 업무시설…도심 속 명소 만든다,주가 정보
https://www.mk.co.kr/news/realestate/11318726,"지방 분양시장, ‘도시의 동맥’ 간선도로 따라 신흥 주거지 형성",주가 정보
https://www.mk.co.kr/news/realestate/11318684,“구름 근처는 가야 고급이지”…아파트 ‘프리미엄’ 좌우하는 스카이라운지,주가 정보
https://www.mk.co.kr/news/realestate/11318649,"“한남4구역보다 좋다”...HDC현산, 용산정비창에 파격 조건",주가 정보
https://www.mk.co.kr/news/realestate/11318637,"“무순위 청약 규제 시행 전 막차물량”…대우건설, ‘블랑 써밋 74’ 16일 임의공급 청약",주가 정보
https://www.mk.co.kr/news/realestate/11318613,“한국 맹모들  못 막아”…조정기에도 줄줄이 신고가 쓰는 ‘이 동네’,주가 정보
https://www.mk.co.kr/news/economy/11318006,"[2025 서울머니쇼 부스] 설마의홈336, 서울머니쇼서 ‘경매 재테크’ 대중화 시동",주가 정보
https://www.mk.co.kr/news/realestate/11317948,대조1구역 ‘힐스테이트 메디알레’ H 시리즈 도입,주가 정보
https://www.mk.co.kr/news/realestate/11317950,‘힐스테이트 광주곤지암역’ 잔여가구 동·호 지정계약 가속,주가 정보
https://www.mk.co.kr/news/realestate/11317927,"“또 또 또 올랐다”…서울 민간아파트 분양가 평당 4541만원, 전월比 0.62%↑",주가 정보
https://www.mk.co.kr/news/realestate/11317926,“앞자리가 달라졌다”...집값 들썩이자 전세시장서 목소리 커진 ‘이 동네’ 집주인들,주가 정보
https://www.mk.co.kr/news/realestate/11317898,[단독]서울시 토허제 실책 방지 조직개편…‘부동산금융분석팀’ 신설,주가 정보
https://www.mk.co.kr/news/realestate/11317872,동부건설 1분기 영업익 흑자 전환…수주잔고 10조 달성,주가 정보
https://www.mk.co.kr/news/realestate/11317842,분양가 또 오른다…민간 아파트 6월 제로에너지 의무화,주가 정보
https://www.mk.co.kr/news/realestate/11317835,"“결국 최종 목표는 똘똘한 한 채”…강남3구·용산구 집값, 갈수록 더 뛴다",주가 정보
https://www.mk.co.kr/news/realestate/11317734,대구 동구 5성급 호텔형 실버타운 ‘루네아’ 눈길,주가 정보
https://www.mk.co.kr/news/realestate/11317641,“작은 집이 좋다”...수도권 청약 60㎡ 이하에 몰리는 이유,주가 정보
https://www.mk.co.kr/news/realestate/11317640,이촌 리모델링 최대어 한가람 사업추진 본궤도,주가 정보
https://www.mk.co.kr/news/realestate/11317258,"회원용
하반기 부동산 시장 확 바뀐다···실수요자 체크해야 할 주요 규제는 [매일 돈이 보이는 습관 M+]",주가 정보
https://www.mk.co.kr/news/realestate/11317074,'반세권' 호재 평택고덕에 금성백조 예미지 431가구,주가 정보
https://www.mk.co.kr/news/business/11317050,"KCC, 국내 최저 두께로 3시간 견디는 내화도료 ‘화이어마스크 ’출시",주가 정보
https://www.mk.co.kr/news/realestate/11316989,“먹고 죽을 돈도 없어”…빚 상환 여력 떨어진 ‘영끌’ 아파트 경매 급증,주가 정보
https://www.mk.co.kr/news/realestate/11316910,클수록 좋다! 중대형 아파트 인기에 ‘광명 유승한내들 라포레’ 각광,주가 정보
https://www.mk.co.kr/news/realestate/11316833,"DL이앤씨, ‘e편한세상 대장 퍼스티움’ 사전 청약자 본청약률 76%",주가 정보
https://www.mk.co.kr/news/realestate/11316719,5호선 연장으로 환승 없이 서울 간다…풍무역 역세권 ‘해링턴 플레이스 풍무’ 주목,주가 정보
https://www.mk.co.kr/news/realestate/11316682,양주용암 영무예다음 더퍼스트 잔여 세대 분양…‘주치의 있는 아파트’ 눈길,주가 정보
https://www.mk.co.kr/news/realestate/11316576,"“지금이 가장 싸다”…동문건설, 확정 분양가 ‘평택 화양 동문 디 이스트’ 공급",주가 정보
https://www.mk.co.kr/news/realestate/11316546,청약 흥행 주도하는 대단지 5·6월 일반분양 규모 보니,주가 정보
https://www.mk.co.kr/news/realestate/11316431,“길었던 분양 한파 반등할까”…4월 민간아파트 분양 전월 대비 134%↑,주가 정보
https://www.mk.co.kr/news/realestate/11315900,전세형 민간임대아파트 제주 더 헤리티지성산,주가 정보
https://www.mk.co.kr/news/realestate/11315702,강남 따라가는 강북 아파트값…국평 25억원 시대 열렸다,주가 정보
https://www.mk.co.kr/news/realestate/11315604,"“무조건 돈 벌수 있는 기회”...50조 투입되는 용산개발, 시민도 참여 가능해질까",주가 정보
https://www.mk.co.kr/news/realestate/11315576,17년 기다렸는데 또 배신...분노에 휩싸인 위례 주민들 “철도 약속했잖아”,주가 정보
https://www.mk.co.kr/news/realestate/11315498,“10년간 이사 걱정 없어요”…제주 ‘더 헤리티지성산 한샘인사이드’ 분양,주가 정보
https://www.mk.co.kr/news/realestate/11315442,학군지 위력 다시 증명…시장 한파에도 신고가 행진,주가 정보
https://www.mk.co.kr/news/realestate/11315403,"평택 첫 ‘예미지’ 아파트…금성백조, ‘평택 고덕 A48블록 금성백조 예미지’ 이달 공급",주가 정보
https://www.mk.co.kr/news/realestate/11315267,‘어나드 범어’ 대구시 첫 첨단 전기차 화재 확산 방지 시스템 적용,주가 정보
https://www.mk.co.kr/news/realestate/11315234,전세형 민간임대아파트…제주 ‘더 헤리티지성산 한샘인사이드’ 분양,주가 정보
https://www.mk.co.kr/news/realestate/11315231,“서울 강남 하나도 안부러워요”…경기 과천 신고가 거래 속출,주가 정보
https://www.mk.co.kr/news/economy/11315105,‘영끌’ 한계 왔나…서울 주담대 연체율 두달 연속 최고치,주가 정보
https://www.mk.co.kr/news/realestate/11315098,"“다 팔렸습니다”…비싸도 강북이어도 서울은 서울, 순식간에 사라진 미분양 물량",주가 정보
https://www.mk.co.kr/news/realestate/11315002,매달 청년들 1천명 먹잇감으로…구제작업도 늦어지는 전세사기,주가 정보
https://www.mk.co.kr/news/realestate/11314699,"""인천 병원 VIP 예약됩니다"" DK아시아, 입주민 파격혜택",주가 정보
https://www.mk.co.kr/news/realestate/11314613,"수도권공략 나선 HS화성, 서울 면목본동 2구역 ·5구역 주택정비사업 수주",주가 정보
https://www.mk.co.kr/news/realestate/11314290,"“이 동네는 무조건 잡아야지”...경매 물건 하나에 24명, 치열한 눈치작전",주가 정보
https://www.mk.co.kr/news/realestate/11314221,종합병원과 연계 서비스 확대하는 이 아파트,주가 정보
https://www.mk.co.kr/news/realestate/11314220,이촌 한강맨션 최고층수 59층으로 낮춰 재건축 추진,주가 정보
https://www.mk.co.kr/news/realestate/11314201,“이번 대선은 다르다?”…아파트 내놓기만 하면 팔린다는 ‘이 동네’,주가 정보
https://www.mk.co.kr/news/realestate/11313992,“부부 연봉 2억이요? 무조건 여기 넣으세요”…소득별 부동산 전략 나왔다,주가 정보
https://www.mk.co.kr/news/realestate/11313110,수도권 전셋값 뛰는데 전세사기도 기승...“이러니 월세만 찾지”,주가 정보
https://www.mk.co.kr/news/realestate/11312600,“토허제 지정된 곳이 알짜래”…가격 주춤 서울서도 ‘이 동네’ 다르다는데,주가 정보
https://www.mk.co.kr/news/realestate/11312571,"“비 오는 날에도 내방객 북적”…두산에너빌리티, ‘트리븐 안동’ 견본주택 오픈 첫 날 인파",주가 정보
https://www.mk.co.kr/news/realestate/11312537,"SM그룹, 반세권 수혜 기대 ‘클러스터용인 경남아너스빌’ 내달 13일 공급 예정",주가 정보
https://www.mk.co.kr/news/realestate/11312516,송파에도 모아타운…가락·망원·성현동에 3045가구 공급,주가 정보
https://www.mk.co.kr/news/realestate/11312514,대선 앞둔 서울 집값 ‘숨고르기’...상승폭 주춤,주가 정보
https://www.mk.co.kr/news/realestate/11312434,"전현무 사는 그 집, 130억에 낙찰…경매 역사상 ‘최고가’",주가 정보
https://www.mk.co.kr/news/realestate/11312362,돌아온 관광객에 몸값 높아진 도심 신규 호텔…세운지구 신축 호텔 일반분양,주가 정보
https://www.mk.co.kr/news/realestate/11312353,되기만 하면 한방에 3억 이득...2만5천명 몰려갔다는 하남교산 특공,주가 정보
https://www.mk.co.kr/news/realestate/11312338,부동산 ‘큰 손’ 3040 학부모가 주목하는 수도권 ‘초품아’ 어디,주가 정보
https://www.mk.co.kr/news/realestate/11312224,“대선 전 빨리 빨리”…아파트 분양전망지수 6개월 만에 최고,주가 정보
https://www.mk.co.kr/news/realestate/11312184,"“다주택자 세제 중과 폐지해야”…건설업계, 차기정부에 제안",주가 정보
https://www.mk.co.kr/news/realestate/11311807,분양시장은 간만에 햇볕,주가 정보
https://www.mk.co.kr/news/realestate/11311757,주택협회 “다주택자 세제 중과 폐지해야”,주가 정보
https://www.mk.co.kr/news/realestate/11311660,‘아이파크삼성’ 펜트하우스 130억 낙찰...토허제 피한  경매 물건 ‘귀하신 몸’,주가 정보
https://www.mk.co.kr/news/realestate/11311658,"“뭘 안 해도 되는 서울, 뭘 해도 안되는 지방”…아파트 청약 ‘극과 극’",주가 정보
https://www.mk.co.kr/news/realestate/11311366,"금리인하·조기대선 기대감에
5월 아파트 분양전망 쑥 올라",주가 정보
https://www.mk.co.kr/news/realestate/11311365,"GS건설, 건설현장 추락사고 차단 나선다",주가 정보
https://www.mk.co.kr/news/business/11311300,"대림바스, 국내 위생도기 점유율 61%…22년 연속 1위",주가 정보
https://www.mk.co.kr/news/realestate/11311278,구글 정밀지도 반출 요청...민주당 “차기 정부가 결정해야”,주가 정보
https://www.mk.co.kr/news/realestate/11311235,"DK아시아, 3040 자녀 키우기 참 좋은 단지 로열파크씨티 구현",주가 정보
https://www.mk.co.kr/news/realestate/11311236,"“‘반세권’ 들어보셨나요”...분위기 심상치 않은 용인 부동산, SK·삼성 효과 톡톡",주가 정보
https://www.mk.co.kr/news/realestate/11311130,"“6월엔 어떻게 될지 몰라”...분주하게 움직이는 분양시장, 5월에 물량 쏟아진다",주가 정보
https://www.mk.co.kr/news/realestate/11311107,"두산에너빌리티, 교육·설계·입지 3박자 갖춘 ‘트리븐 안동’ 견본주택 개관",주가 정보
https://www.mk.co.kr/news/realestate/11311105,"개발되는 강남 구룡마을 인근, 서초 서리풀지구 등 토허제 재지정",주가 정보
https://www.mk.co.kr/news/realestate/11310987,“여보 우리도 수도권 아파트 하나 마련할까?”…갭투자 관심 높아진 ‘이 동네’,주가 정보
https://www.mk.co.kr/news/realestate/11310971,"“진짜 중에 진짜, 한강을 잡아라”...한국 최고 부촌 재건축에 뛰어든 건설사들",주가 정보
https://www.mk.co.kr/news/realestate/11310942,“여기가 강남이야?”...대선 앞두고 세종시 경매시장도 후끈후끈,주가 정보
https://www.mk.co.kr/news/realestate/11310635,호텔급 컨시어지 지식산업센터 ‘신광교 클라우드 시티’,주가 정보
https://www.mk.co.kr/news/realestate/11310575,세종시 경매시장도 '후끈' 낙찰가율 100%도 나왔다,주가 정보
https://www.mk.co.kr/news/realestate/11310573,오산 세교 아테라 433가구 금호건설 다음달 분양,주가 정보
https://www.mk.co.kr/news/realestate/11310323,“갭투자 줄겠지만 무주택자 탈출도 막막”…강남 아파트 전세가율 역대 최저,주가 정보
https://www.mk.co.kr/news/realestate/11310195,"“10억 올랐어요”...막아도 터져나온 신고가, 강남불패는 계속됐다",주가 정보
https://www.mk.co.kr/news/realestate/11310180,"HDC현대산업개발, 사통팔달 안양 만안구서 ‘호현 센트럴 아이파크’ 6월 공급",주가 정보
https://www.mk.co.kr/news/realestate/11310162,"3월 경기 아파트 매매, 7개월 만에 1만건 돌파",주가 정보
https://www.mk.co.kr/news/realestate/11310141,"중흥건설그룹 중흥토건, ‘에코델타시티 중흥S-클래스 에듀리버’ 9일 견본주택 개관",주가 정보
https://www.mk.co.kr/news/realestate/11310138,“서울 꽁꽁 얼었는데 여기가 낫군”…3월 경기 아파트 매매 1만건 돌파,주가 정보
https://www.mk.co.kr/news/realestate/11310105,브랜드·대도시·대단지 모두 갖춘 ‘중앙공원 롯데캐슬 시그니처’ 관심 집중,주가 정보
https://www.mk.co.kr/news/realestate/11310094,“10억이 한순간에 올랐다”…압구정 105억·대치 60억 줄줄이 신고가,주가 정보
https://www.mk.co.kr/news/realestate/11310011,“이사 계획 못 잡겠어요”…서울 아파트 거래 ‘꽁꽁’,주가 정보
https://www.mk.co.kr/news/realestate/11309942,“견적 7000만원인데 하는게 맞나요?”...‘깜깜이 인테리어’ 없앤다는 이곳,주가 정보
https://www.mk.co.kr/news/realestate/11309692,"""깜깜이 인테리어 시공 표준견적으로 투명하게""",주가 정보
https://www.mk.co.kr/news/realestate/11309445,성수 재개발 속도에···“우리도 좀 끼워줘요”,주가 정보
https://www.mk.co.kr/news/realestate/11309428,"1,460,000,000원…서울 ‘국평’ 연봉 한 푼 안쓰고 31년 모아야 산다",주가 정보
https://www.mk.co.kr/news/realestate/11308702,"“4월엔 텅텅 비었습니다”...3월에 붐볐던 서울 아파트 거래시장, 지금은 꽁꽁",주가 정보
https://www.mk.co.kr/news/realestate/11308695,공사비 1.7조 잠실우성 재건축 GS가 수주하나,주가 정보
https://www.mk.co.kr/news/realestate/11308340,"신분평 더웨이시티 풍경채 HMG, 1448가구 이달 분양",주가 정보
https://www.mk.co.kr/news/realestate/11308267,“부동산 공시가격 검증 독립기구 신설 검토해야”,주가 정보
https://www.mk.co.kr/news/realestate/11308265,"“올초에만 샀어도 휴...” 3개월만에 8억 오른 아파트, 어딘가보니",주가 정보
https://www.mk.co.kr/news/realestate/11308257,"“지갑 한번 열어볼까”...자금력 빵빵한 40대, 다시 서울 아파트 ‘큰손’으로",주가 정보
https://www.mk.co.kr/news/realestate/11308256,"“내가 사는 동네만 떨어졌네”...고공비행하는 서울 아파트값, 노도강은 예외",주가 정보
https://www.mk.co.kr/news/realestate/11308222,토허제 풀리자 서울 아파트 우르르 샀다…매수 제일 많이한 세대는,주가 정보
https://www.mk.co.kr/news/realestate/11308201,당첨 되기만 하면 3억원 이득 본다…열기 뜨거워지는 3기 신도시,주가 정보
https://www.mk.co.kr/news/economy/11307896,“서울서 살고 싶은데 가격은 부담”…신혼부부·다자녀 아파트 특공도 양극화,주가 정보
https://www.mk.co.kr/news/realestate/11307402,청라국제업무단지 미래가치 품은 ‘청라 피크원 푸르지오’ 6월 말 분양,주가 정보
https://www.mk.co.kr/news/realestate/11307660,“용산공원을 센트럴파크로”...용산국가공원포럼 발족,주가 정보
https://www.mk.co.kr/news/realestate/11307452,"인베이드투자자문, 삼성서울병원에 1000만원 기부",주가 정보
https://www.mk.co.kr/news/realestate/11307319,“큰 집은 꿈도 못 꿔”…작년 신혼부부 청약 경쟁 쏠린 평형 보니,주가 정보
https://www.mk.co.kr/news/realestate/11307300,"HMG그룹, ‘신분평 더웨이시티 풍경채’ 5월 분양",주가 정보
https://www.mk.co.kr/news/realestate/11307182,"HMG그룹, 청주 신분평 도시개발사업 첫 단지 ‘신분평 더웨이시티 풍경채’ 분양",주가 정보
https://www.mk.co.kr/news/realestate/11307140,"에이블피엔지, 원스톱 생활권 다(多) 잡은 ‘디 아테온’ 이달 공급",주가 정보
https://www.mk.co.kr/news/realestate/11305936,"진천메가폴리스, 세제 혜택과 우량 기업 유치로 산업단지의 새로운 모델 제시",주가 정보
https://www.mk.co.kr/news/realestate/11306983,“대통령실 진짜 옮기겠지?”…서울보다 더 뜨거운 세종 집값,주가 정보
https://www.mk.co.kr/news/realestate/11306864,"김종국, 62억에 빌라 매입...장근석·이요원과 이웃이라던데",주가 정보
https://www.mk.co.kr/news/realestate/11306507,"주택업계, 민주당 만나 “미분양 해소 위해 세제 지원 필요”",주가 정보
https://www.mk.co.kr/news/realestate/11306498,"LH, 준공후미분양 3536호 접수",주가 정보
https://www.mk.co.kr/news/realestate/11306492,"“이 동네 집값, 꼭 정치테마주 같다”…세종시, 전셋값도 두자릿수 상승률",주가 정보
https://www.mk.co.kr/news/realestate/11306368,"동문건설, 2~3억원대 역세권 아파트 ‘파주 문산역 3차 동문 디 이스트 센트럴’ 공급",주가 정보
https://www.mk.co.kr/news/realestate/11305901,착한 분양가는 지방서도 44대1,주가 정보
https://www.mk.co.kr/news/realestate/11305899,"강동·은평·구로 … 반갑다, 서울 분양",주가 정보
https://www.mk.co.kr/news/realestate/11305764,"“요즘 보기 드문 집이네”…친정·시어머니 동거 과천 청약 당첨자, 알고 보니 ‘꼼수’",주가 정보
https://www.mk.co.kr/news/realestate/11305730,"HL디앤아이한라, ‘태화강 에피트’ 전 타입 1순위 청약마감…평균 44.3대 1",주가 정보
https://www.mk.co.kr/news/realestate/11305697,"제일건설, ‘제일풍경채 의왕고천’ 전 가구 1순위 청약 마감…평균 21.6대 1",주가 정보
https://www.mk.co.kr/news/realestate/11305636,"도심 속 녹지, 부의 상징되다…‘웅상센트럴파크’, 양산의 부촌 예고",주가 정보
https://www.mk.co.kr/news/realestate/11305436,불꺼진 아파트 넘쳐난다는데...“우리는 달라요” 청약경쟁률 무려 44대1,주가 정보
https://www.mk.co.kr/news/realestate/11305434,인천 ‘천원주택’ 또 나온다…내달 12∼16일 500가구 신청 접수,주가 정보
https://www.mk.co.kr/news/realestate/11305408,"“강동갈까 은평갈까 구로갈까”...간만에 찾아온 서울 분양, 1736가구 공급",주가 정보
https://www.mk.co.kr/news/realestate/11305405,‘대조1구역’ 분양 임박…속도 내는 은평 3대장,주가 정보
https://www.mk.co.kr/news/realestate/11305310,‘입주하면 집값 하락’ 옛말…꺾일 줄 모르는 서울 신축 아파트,주가 정보
https://www.mk.co.kr/news/realestate/11305245,“스마트폰이 내 집 관리 비서”…아파트 커뮤니티 앱 진화 속도 보니,주가 정보
https://www.mk.co.kr/news/realestate/11305109,"싸게 해드릴게, 한번 보고가...눈물의 할인에도 안 팔리는 미분양 주택",주가 정보
https://www.mk.co.kr/news/realestate/11305078,떨이로 한번에 다 가져가...처치 곤란 물량 쌓이는 ‘악성 미분양’ 통매각 현상도,주가 정보
https://www.mk.co.kr/news/realestate/11305005,악성 미분양 주택 '눈물의 묶음 세일',주가 정보
https://www.mk.co.kr/news/realestate/11304647,“옆집 신혼부부도 신청했대”…‘미리내집’ 4차 모집 평균 경쟁률 64:1,주가 정보
https://www.mk.co.kr/news/realestate/11304592,“전세는 불안해요”…서울 임차계약 10건 중 6건은 ‘월세’,주가 정보
https://www.mk.co.kr/news/realestate/11304188,‘주택 공급’ 카드 꺼낸 이재명…文정부·尹정부와 차이 보니,주가 정보
https://www.mk.co.kr/news/realestate/11304161,“앞으로 더 끔찍해진다”...괴물처럼 불어나는 악성 미분양,주가 정보
https://www.mk.co.kr/news/realestate/11304000,“전세금 맡기기엔 불안해서요”…서울 주택 월세 비중 사상 최고치,주가 정보
https://www.mk.co.kr/news/economy/11303848,월급쟁이가 ‘강남 30평 아파트’ 사려면…한 푼도 안 쓰고 ‘74년’,주가 정보
https://www.mk.co.kr/news/realestate/11303469,"중흥건설그룹 중흥토건, ‘에코델타시티 중흥S-클래스 에듀리버’ 5월 분양",주가 정보
https://www.mk.co.kr/news/realestate/11303271,"씨 마르는 인천 ‘신축’, 희소성 더 높아지기 전 효성중공업 ‘해링턴 스퀘어 산곡역’ 선점 움직임",주가 정보
https://www.mk.co.kr/news/realestate/11303210,"동문건설, 여의도 규모 버금 화양지구서 ‘평택 화양 동문 디 이스트’ 공급",주가 정보
https://www.mk.co.kr/news/realestate/11303154,‘국회 이전’ 기대감 속 세종 블록형 타운하우스 ‘라포르테 세종’ 눈길,주가 정보
https://www.mk.co.kr/news/realestate/11303076,"“3.8억에 분양받아 15.9억에 팔았어요”…공공분양, 인기도 시세차익도 ‘폭발’",주가 정보
https://www.mk.co.kr/news/realestate/11302922,금리인하에 ‘이것’까지 겹치자…1분기에만 서울아파트 거래 2만건,주가 정보
https://www.mk.co.kr/news/realestate/11301760,"“조합원 100% 한강조망”···HDC현산, 용산정비창 수주전 승부수",주가 정보
https://www.mk.co.kr/news/realestate/11301568,다시 움직이는 서울 분양시장…출격 예고한 ‘유망단지’ 어디길래?,주가 정보
https://www.mk.co.kr/news/realestate/11301559,"디에스종합건설·대성베르힐건설, 분상제 적용 ‘고덕 강일 대성베르힐’ 5월 공급",주가 정보
https://www.mk.co.kr/news/realestate/11301365,멈첬던 서울 분양시장 다시 움직인다···‘대조1구역’ 등 유망단지 출격 예고,주가 정보
https://www.mk.co.kr/news/realestate/11301359,성동구치소 부지에 미리내집 등 1240가구 공급,주가 정보
https://www.mk.co.kr/news/realestate/11301356,서초 성뒤마을에 900가구 공급,주가 정보
https://www.mk.co.kr/news/realestate/11300814,6억원 미만·분상제·서울 인접…‘3콤보’ 아파트 ‘원종 휴먼빌 클라츠’ 분양,주가 정보
https://www.mk.co.kr/news/realestate/11301140,“공사비 올라 꿈도 못 꿨는데”...입주전 맞춤형 인테리어 해준다는 건설사들,주가 정보
https://www.mk.co.kr/news/realestate/11300742,"요즘 건설사, 맞춤 인테리어도 해준다네요",주가 정보
https://www.mk.co.kr/news/realestate/11300740,분양 절반이 특별공급인데 … 실제 공급은 30% 안돼,주가 정보
https://www.mk.co.kr/news/realestate/11300384,제일건설 풍경채 의왕고천 25일 견본 주택 개관,주가 정보
https://www.mk.co.kr/news/realestate/11300383,포스코이앤씨 ‘더샵 당리센트리체’ 견본주택 25일 개관,주가 정보
https://www.mk.co.kr/news/realestate/11300329,“그래도 재건축 단지는 믿어볼 만하지”…서울 아파트값 12주째 올라,주가 정보
https://www.mk.co.kr/news/realestate/11300285,"“도보 약 5분 역세권”…제일건설, ‘제일풍경채 의왕고천’ 견본주택 개관",주가 정보
https://www.mk.co.kr/news/realestate/11300265,‘리턴 투 코어(Return?to?Core)’ 부동산 핵심지 원도심 개발 활발,주가 정보
https://www.mk.co.kr/news/realestate/11300193,"코오롱글로벌, 청주 동남지구 마지막 자리 ‘동남 하늘채’ 6월 분양",주가 정보
https://www.mk.co.kr/news/realestate/11300124,GTX-A 이어 대조1구역까지…은평구 천지개벽 ‘시동’,주가 정보
https://www.mk.co.kr/news/realestate/11300108,"“줄 서는건 서울 뿐”…지방아파트 청약 마감률, 3년째 뚝뚝",주가 정보
https://www.mk.co.kr/news/realestate/11299904,"말 많은 옥상 태양광, 밀어부치는 정부…“분양가 높이고 미관만 해칠텐데”",주가 정보
https://www.mk.co.kr/news/realestate/11299757,"공사 방해는 기본, 대규모 시위까지...정권공백기 틈타 고개드는 ‘건폭’",주가 정보
https://www.mk.co.kr/news/realestate/11299586,"[단독] 공사현장 불법촬영에 소음공격까지...잠잠하던 건설노조, 또 다시 폭주",주가 정보
https://www.mk.co.kr/news/realestate/11299099,“‘평당’ 3억5211만원 입니다”...갈수록 높아지는 반포 대장 아파트,주가 정보
https://www.mk.co.kr/news/realestate/11299073,“원도심의 상징이 달라진다”…울산 ‘번영로 롯데캐슬 센트럴스카이’,주가 정보
https://www.mk.co.kr/news/realestate/11299056,"일신건영, ‘원종 휴먼빌 클라츠’ 견본주택 24일 개관",주가 정보
https://www.mk.co.kr/news/realestate/11299012,"주택조합 대출연장 대가로 수억 뒷돈 받은 새마을금고 임원…경찰, 6명 송치",주가 정보
https://www.mk.co.kr/news/realestate/11298854,“이제는 역세권보다도 이것”…‘고령화 시대’ 아파트 분양 키워드 보니,주가 정보
https://www.mk.co.kr/news/realestate/11298828,“이재명 사는 그곳이래”…서울도 아닌데 신고가 경신 중이라는 아파트는,주가 정보
https://www.mk.co.kr/news/realestate/11298778,“고시생으로 가득했던 올드타운이 어쩌다”…서울 신도시로 거듭나는 이 동네,주가 정보
https://www.mk.co.kr/news/realestate/11298195,"“용산정비창 재개발 잡아라” 포스코이앤씨, 사업촉진비 1.5조 제안",주가 정보
https://www.mk.co.kr/news/realestate/11298127,‘미분양 매입’ CR리츠 1호 드디어 나왔다,주가 정보
https://www.mk.co.kr/news/realestate/11298102,5월 전국 입주물량 1만6205가구…수도권과 지방 ‘희비’ 엇갈려,주가 정보
https://www.mk.co.kr/news/realestate/11298070,“청약 계획 미뤄야 하나”…수도권 3월 계획 대비 아파트 공급 고작 20%,주가 정보
https://www.mk.co.kr/news/realestate/11298068,"“빨리 팔아달라더니”…‘이 동네’ 집주인들 대선 앞두고 태세 전환, 무슨 일?",주가 정보
https://www.mk.co.kr/news/realestate/11297937,부산 등 5대광역시에도 판교형 테크노밸리...지방 성장 거점 계획 보니,주가 정보
https://www.mk.co.kr/news/realestate/11297935,신혼·출산가구 분양 기회 넓어졌다···5월까지 전국 3.1만가구 분양,주가 정보
https://www.mk.co.kr/news/realestate/11297869,"기계설비건설협회, 대림대·서울과기대에 기술자 양성",주가 정보
https://www.mk.co.kr/news/realestate/11297797,신혼·출산가구 분양 기회 확대…4~5월까지 전국서 3.1만가구 공급,주가 정보
https://www.mk.co.kr/news/realestate/11297360,“벼랑 끝 내몰린 건설 하도급 지원해야”…보증 강화법 만든다,주가 정보
https://www.mk.co.kr/news/realestate/11297237,인천 ‘시티오씨엘 7단지’ 오는 25일(금) 견본주택 개관,주가 정보
https://www.mk.co.kr/news/realestate/11297191,“서울 아니면 어때요”…제도개편 전 ‘2억 차익 기대’ 무순위 청약 눈길,주가 정보
https://www.mk.co.kr/news/realestate/11296981,5월 아파트 입주량 절반은 이 지역서 나온다는데,주가 정보
https://www.mk.co.kr/news/realestate/11296964,"HL디앤아이한라, 울산 ‘태화강 에피트’ 28일부터 청약일정 돌입",주가 정보
https://www.mk.co.kr/news/realestate/11296832,"“흙수저인 내게도 희망이”...꿈도 꾸기 어렵던 수억원짜리 내집마련, 정부가 돕는다? [부동산 이기자]",주가 정보
https://www.mk.co.kr/news/realestate/11296817,강동구 역세권 소형 아파트 ‘디 아테온’ 5월 공급,주가 정보
https://www.mk.co.kr/news/realestate/11296794,기존주택 6개월 내 매매·임대하면 토허구역 신규 주택 매입 가능,주가 정보
https://www.mk.co.kr/news/realestate/11296705,"“최대 20년 거주 가능”…LH, 올해 첫 행복주택 예비입주자 모집",주가 정보
https://www.mk.co.kr/news/realestate/11296551,[단독]“제각각 서류 제출 힘들었는데”…임대주택 청약 한 번에 한 곳에서 본다,주가 정보
https://www.mk.co.kr/news/realestate/11296532,"“준공 2년 다 됐는데 절반은 비었다”…서울 오피스 공실대란, 쌓인 매물도 10조",주가 정보
https://www.mk.co.kr/news/realestate/11296355,용인 반도체벨트·인천 산곡역 이번주 전국 4150가구 분양,주가 정보
https://www.mk.co.kr/news/realestate/11296328,"“내집 마련때 초기 자금 걱정? 모르는 말씀”…요즘 분양 아파트, 계약금 낮추고 ‘이것’도 준다",주가 정보
https://www.mk.co.kr/news/realestate/11296217,"[단독] 국토부, 임대주택 버전 청약홈 만든다...전국 공급 한눈에",주가 정보
https://www.mk.co.kr/news/realestate/11296216,“이동네 저동네 다 철도 깔아달라”…대선 앞두고 주민들 요구 쇄도,주가 정보
https://www.mk.co.kr/news/realestate/11295874,"배우 추자현, 한소희 ‘이웃사촌’ 됐다…35억 전세 고급주택 어디길래",주가 정보
https://www.mk.co.kr/news/realestate/11295561,HL디앤아이한라 ‘태화강 에피트’ 18일 견본주택 오픈,주가 정보
https://www.mk.co.kr/news/realestate/11295263,"HDC현대산업개발, 용산정비창 평당 공사비 858만원 제안",주가 정보
https://www.mk.co.kr/news/realestate/11295120,또 한번 이어진 줍줍 열기…‘광명 유승한내들 라포레’ 임의 공급 청약 흥행,주가 정보
https://www.mk.co.kr/news/realestate/11295154,“아파트 고를 때 봐야할 1순위죠”…경기·인천 청약 흥행 사업장 공통점 보니,주가 정보
https://www.mk.co.kr/news/realestate/11295115,"일산 더샵 브랜드 타운의 정점, ‘더샵 일산엘로이 펜트하우스’ 24실 공급",주가 정보
https://www.mk.co.kr/news/realestate/11295032,"대광건영, ‘회천중앙역 로제비앙 그랜드센텀’ 21일부터 청약 접수",주가 정보
https://www.mk.co.kr/news/realestate/11294941,‘특공 1번 더’+‘청약이력 리셋’ 조건에...신혼·출산가구 ‘내 집마련’ 문 활짝,주가 정보
https://www.mk.co.kr/news/realestate/11294857,“여보 우리도 아파트 이사 가자”…신혼부부 반길 ‘이 공고’ 또 나왔다,주가 정보
https://www.mk.co.kr/news/realestate/11294683,“이재명이 소유한 아파트가 있다”...벌써부터 들썩이는 분당 집값,주가 정보
https://www.mk.co.kr/news/realestate/11294403,용인 반도체벨트 품은 푸르지오 대단지,주가 정보
https://www.mk.co.kr/news/realestate/11294395,"NCT 마크, 논현동 50억 아파트 매입…전세 끼고 ‘갭투자’",주가 정보
https://www.mk.co.kr/news/realestate/11293958,"“작은게 더 귀해요”...자취 감추고 있다는 지방 소형평수, 매물 마르고 가격 오른다",주가 정보
https://www.mk.co.kr/news/realestate/11293941,“대출 막차 타려면 N억 넘으면 안 된다”…내 집 찾기 나선 실수요자들,주가 정보
https://www.mk.co.kr/news/realestate/11293777,"중흥건설그룹, 전남 광양만권경제자유구역 ‘선월하이파크단지’ 2차 용지 공급…4월 공고 예정",주가 정보
https://www.mk.co.kr/news/realestate/11293082,"회원용
부동산 규제 폭탄 속에 돌아온 강남 오렌지족···부의 대물림 시작됐다 [매일 돈이 보이는 습관 M+]",주가 정보
https://www.mk.co.kr/news/realestate/11293261,동탄 포레파크 푸르지오 대우건설 1524가구 분양,주가 정보
https://www.mk.co.kr/news/economy/11293109,"수도권 평당 분양가 또 올랐다…그런데 서울만 제자리, 이유가",주가 정보
https://www.mk.co.kr/news/realestate/11293033,"[단독] “순순히 1억 낼 생각없다”...윤석열 파면 후폭풍 닥친 재초환 부담금, 무슨 일이",주가 정보
https://www.mk.co.kr/news/realestate/11292912,"“500만원? 해볼 만하네”…계약금 5%에 완판 행렬, 바뀌는 분양시장",주가 정보
https://www.mk.co.kr/news/realestate/11292855,수도권 주택 공급 ‘빨간불’…서울도 분양 가뭄 못 피해갔다,주가 정보
https://www.mk.co.kr/news/realestate/11292786,‘미분양 무덤’ 부산도 분양가는 자고나면 오르네,주가 정보
https://www.mk.co.kr/news/realestate/11292780,"한남3구역에 초등학교, 병설유치원 생긴다",주가 정보
https://www.mk.co.kr/news/realestate/11292740,아파트 2채 중 1채는 3040이 산다…‘교육 특화’ 아파트 뜨는 이유,주가 정보
https://www.mk.co.kr/news/realestate/11292036,"대방건설, 북수원이목지구 ‘디에트르 더리체 Ⅱ’ 이달 분양 예정",주가 정보
https://www.mk.co.kr/news/realestate/11291874,"태영건설, ‘동탄 꿈의숲 자연&데시앙’ 5월 분양 예정",주가 정보
https://www.mk.co.kr/news/realestate/11291773,3월 서울 주택 매수심리 7개월만에 최고,주가 정보
https://www.mk.co.kr/news/realestate/11291614,수도권 아파트 신축가뭄···앞으로도 3년 더 간다,주가 정보
https://www.mk.co.kr/news/realestate/11291523,"프롭티어, 아파트아이와 입주민 맞춤형 ‘부동산 서비스’ 출시",주가 정보
https://www.mk.co.kr/news/realestate/11291050,광주 ‘한양립스 에듀포레’ 할인 분양에 수요자 ‘눈길’…지역 첫 개방형 발코니 설치,주가 정보
https://www.mk.co.kr/news/realestate/11291364,"하정우 ‘50억’ 고급주택, 샤이니 민호가 ‘현금’ 구매",주가 정보
https://www.mk.co.kr/news/realestate/11291329,“나이는 먹어가고 애들은 따로 살고”...건강관리 해주는 똘똘한 아파트 어떠세요,주가 정보
https://www.mk.co.kr/news/realestate/11291035,압구정 수주전도 ‘병원’이 화두라고?···고령화가 바꾼 아파트 미래상,주가 정보
https://www.mk.co.kr/news/realestate/11290816,탈북민 명의로 102억 전세사기…일당 무더기 검거,주가 정보
https://www.mk.co.kr/news/economy/11290731,수요는 수도권이 많은데 미분양 많은 지방에 공급 몰려…방향성 잃은 아파트 청약시장,주가 정보
https://www.mk.co.kr/news/realestate/11290688,이병헌 아파트에서 이병헌 영화개봉···신검단 로열파크씨티 ‘로열 씨네마 라운지’ 개관,주가 정보
https://www.mk.co.kr/news/realestate/11290646,용산 전자상가 일대 첨단산업기지로 재탄생,주가 정보
https://www.mk.co.kr/news/realestate/11290632,6월 대선 전에 대형 건설사들 2.1만가구 쏟아낸다,주가 정보
https://www.mk.co.kr/news/realestate/11290629,[단독] 현금 109억으로 한남더힐 매입한 인물...정체 알고보니 ‘끄덕’,주가 정보
https://www.mk.co.kr/news/realestate/11290541,“하루라도 빨리”…대형 건설사들 대선 전 2.1만가구 분양,주가 정보
https://www.mk.co.kr/news/realestate/11290086,양주역 제일풍경채 포함 금주 전국 2540가구 분양,주가 정보
https://www.mk.co.kr/news/realestate/11289954,“이렇게 집 거래가 안되서야”…공인중개사 신규 개업 25년만에 최저,주가 정보
https://www.mk.co.kr/news/realestate/11289953,"삼성물산, 미래 혁신 스타트업 공모",주가 정보
https://www.mk.co.kr/news/realestate/11289935,"서울 토지거래허가 많은 곳 3위는 양천, 1·2위는 어디?…허가율 99%",주가 정보
https://www.mk.co.kr/news/realestate/11289609,비쌀수록 잘 팔린다...노원 월계동 48억 펜트하우스 3가구도 계약 체결,주가 정보
https://www.mk.co.kr/news/realestate/11289241,"호평택지지구의 마지막 퍼즐, ‘두산위브더제니스 평내호평역 N49’ 분양 임박",주가 정보
https://www.mk.co.kr/news/business/11289228,서울 첫 이케아 가보니…‘서울형’ 룸셋·친환경 제품 곳곳 배치,주가 정보
https://www.mk.co.kr/news/realestate/11289209,"“대선때 집값, 공약보다 ‘이것’ 영향 더 받았다”…대체 뭐길래",주가 정보
https://www.mk.co.kr/news/realestate/11288879,“몸만 들어오면 돼” 풀퍼니시드 시스템 인기,주가 정보
https://www.mk.co.kr/news/realestate/11288877,"DL이앤씨, 3900억 규모 장충동 플래그십 호텔 수주",주가 정보
https://www.mk.co.kr/news/economy/11288680,“규제? 침체? 우린 그런거 몰라”…50억 이상 거래 2배 증가,주가 정보
https://www.mk.co.kr/news/realestate/11288557,콧대 높던 서초 전세값 ‘뚝’…한달새 매물 2000건 쏟아진 이유는?,주가 정보
https://www.mk.co.kr/news/realestate/11288237,"포스코이앤씨, 서부산 주거벨트서 ‘더샵 당리센트리체’ 이달 공급",주가 정보
https://www.mk.co.kr/news/realestate/11288080,‘뚝’ 떨어진 서초 전세값…한달새 전세매물 2천건 늘어난 이유는?,주가 정보
https://www.mk.co.kr/news/realestate/11288006,반도체 클러스터 수혜 기대 ‘신광교 클라우드 시티’ 지식산업센터 공급,주가 정보
https://www.mk.co.kr/news/realestate/11287982,아파트 단지에서 1인 룸 명상 공간,주가 정보
https://www.mk.co.kr/news/realestate/11287947,"“용산정비창 미래형 복합도시로”...포스코이앤씨, 유엔스튜디오 협업",주가 정보
https://www.mk.co.kr/news/realestate/11287922,"“아이 낳으면 20년까지 거주”…서울시, 신혼부부 위한 ‘미리내집’ 567가구 입주자 모집",주가 정보
https://www.mk.co.kr/news/realestate/11287813,"이문 아이파크, 중화 리버센 미리내집으로 나온다",주가 정보
https://www.mk.co.kr/news/realestate/11287850,"주차 스트레스 그만, 넉넉한 주차 공간 설계된 ‘힐스테이트 용인마크밸리’ 4월 10일 견본주택 개관",주가 정보
https://www.mk.co.kr/news/realestate/11287852,건설경기 풀리려나···4월 아파트 입주전망지수 확 올라,주가 정보
https://www.mk.co.kr/news/realestate/11287851,"“여기 왜 이리 뜨거워”...후끈 달아오르는 용인 부동산, 왜?",주가 정보
https://www.mk.co.kr/news/realestate/11287814,3기 신도시 본청약 4~5월에 본격화,주가 정보
https://www.mk.co.kr/news/realestate/11287811,"제일건설, 합리적 분양가 책정 ‘양주역 제일풍경채 위너스카이’ 11일 공급 돌입",주가 정보
https://www.mk.co.kr/news/realestate/11287166,[분양 NOW] 양주역 걸어서 5분 … 40층 '파노라마 뷰',주가 정보
https://www.mk.co.kr/news/realestate/11286737,허윤홍 “AI는 선택 아닌 생존 문제”,주가 정보
https://www.mk.co.kr/news/realestate/11286684,대구 중심 축 이동할까…신흥 랜드마크 개발 속도,주가 정보
https://www.mk.co.kr/news/realestate/11286649,답십리 자동차부품상가 최고 32층 아파트 단지로,주가 정보
https://www.mk.co.kr/news/realestate/11286633,[단독] LH 공공분양 전자계약 일시 중단...“시스템 오류”,주가 정보
https://www.mk.co.kr/news/realestate/11286576,"“분양가상한제 적용돼 시세 합리적”…제일건설, ‘제일풍경채 의왕고천’ 분양 예정",주가 정보
https://www.mk.co.kr/news/realestate/11286514,“굳이 서울 살 필요 있나요”…GTX-B노선 착공에 수혜지 찾기 ‘분주’,주가 정보
https://www.mk.co.kr/news/realestate/11286471,“여기가 앞으로 ‘금싸라기’ 된다”...현금부자들 몰려갔다는 여의도 재건축,주가 정보
https://www.mk.co.kr/news/realestate/11285727,내 집 마련 ‘그림의 떡’…10년간 맘편히 살 수 있는 ‘장기임대주택’ 주목,주가 정보
https://www.mk.co.kr/news/business/11285720,"입주시공서비스 ‘헬로입주’, 코나아이와 업무협약체결",주가 정보
https://www.mk.co.kr/news/realestate/11285677,“국내 1위 기업형 임대사업자 목표···올해 1만 가구 운영”,주가 정보
https://www.mk.co.kr/news/realestate/11285575,GTX 개통 전 터지는 아파트 거래량...수혜 지역을 노려라,주가 정보
https://www.mk.co.kr/news/realestate/11285475,올 1분기 분양 물량 16년 만에 최저… 귀해진 새 아파트,주가 정보
https://www.mk.co.kr/news/realestate/11285474,면적 넓고 가성비 굿…59~84㎡ 사이 틈새면적 거래 14.5%,주가 정보
https://www.mk.co.kr/news/realestate/11285340,"씨 마른 새 아파트…1분기 분양물량, 16년 만에 ‘최저’",주가 정보
https://www.mk.co.kr/news/realestate/11285168,떨어지기만 하던 ‘이 동네’ 집값…간만에 신고가 거래 나온 이유는,주가 정보
https://www.mk.co.kr/news/realestate/11284631,동부건설 실전형 안전훈련으로 무재해 경영 속도,주가 정보
https://www.mk.co.kr/news/realestate/11284324,"“내 집 어떻게 하죠, 거리 나앉는 거 아닌가요”...분양 아파트 건설사 망할 때 대책은 [부동산 이기자]",주가 정보
https://www.mk.co.kr/news/realestate/11284429,학원·도서관 모두 품은 용인 푸르지오 원클러스터 분양,주가 정보
https://www.mk.co.kr/news/realestate/11284376,이탈리아 밀라노 쓰레기 문제...국내 첨단기술로 해결한다,주가 정보
https://www.mk.co.kr/news/realestate/11284364,대구MBC 부지 ‘어나드범어’ 부동산 사업설명회 성황,주가 정보
https://www.mk.co.kr/news/business/11284351,"바디프랜드, 서울 개포동에 신규 라운지 오픈",주가 정보
https://www.mk.co.kr/news/realestate/11284338,“잠실3대장 엘·리·트가 주도”…‘잠·삼·대·청’ 아파트 매매 거래량 견인,주가 정보
https://www.mk.co.kr/news/realestate/11284267,"“주변 시세 40~50%”…LH, 청년·신혼 매입임대주택 3000가구 청약 접수",주가 정보
https://www.mk.co.kr/news/realestate/11283906,멀티플렉스 내리막인데 … 아파트 영화관은 북적,주가 정보
https://www.mk.co.kr/news/realestate/11283774,봄 분양성수기에···달랑 216가구 분양이라니,주가 정보
https://www.mk.co.kr/news/realestate/11283761,"반포, 성수 이어 압구정도? ‘평당 2억’ 매물 등장",주가 정보
https://www.mk.co.kr/news/realestate/11283757,“토허제 대상 아닙니다”...메이플자이 보류지 29가구 나왔다,주가 정보
https://www.mk.co.kr/news/realestate/11283756,“멀티플렉스 줄줄이 망해가는데”…툭하면 ‘전석 매진’ 나오는 이 영화관은,주가 정보
https://www.mk.co.kr/news/realestate/11283714,토허제 전면확대에도···지붕뚫는 강남3구·용산·성동 집값,주가 정보
https://www.mk.co.kr/news/realestate/11283676,"장범준, ‘벚꽃연금’으로 산 대치동 건물 ‘51억’ 올랐다",주가 정보
https://www.mk.co.kr/news/realestate/11283014,30대 이하 수요자가 가장 원하는 아파트 단지 조건은?,주가 정보
https://www.mk.co.kr/news/realestate/11282845,"“탄핵 인용보다 중요한 것”…정치적 불확실성 해소된 부동산시장, 전망은?",주가 정보
https://www.mk.co.kr/news/realestate/11282704,"“대구서 새롭게 경험하는 주거 환경”…포스코이앤씨, ‘어나드범어’ 5월 분양",주가 정보
https://www.mk.co.kr/news/realestate/11282557,"금성백조, 공공지원 민간임대주택 ‘대전 관평 예미지 어반코어’ 이달 공급",주가 정보
https://www.mk.co.kr/news/realestate/11282518,"“무순위 청약 개편 전 막차타자”…동문건설, ‘평택 화양 동문 디 이스트’ 임의공급 진행",주가 정보
https://www.mk.co.kr/news/realestate/11282418,울산 매매·전세가 동반 상승세…내 집 마련 서두르는 수요자들,주가 정보
https://www.mk.co.kr/news/business/11282430,"가구용 필름에도 식물 소재…LX하우시스, 바이오 가구용 필름·보드 출시",주가 정보
https://www.mk.co.kr/news/economy/11282419,"이창용 총재 “디딤돌대출, 보금자리론 등 정책금융 대폭 손질해야”",주가 정보
https://www.mk.co.kr/news/realestate/11282408,"대광건영, 10년 전세형 임대아파트 ‘신확장 로제비앙 메가시티’ 17일 공급",주가 정보
https://www.mk.co.kr/news/realestate/11282362,[MK부동산 교육] 왕초보 ‘경매·공매’ 입문부터 실전 투자까지 ‘경매·공매’ 정규 과정 이번주 11일 개강…,주가 정보
https://www.mk.co.kr/news/realestate/11282349,"“집주인이 전세 또 올려달래”...강남·서초에 쏟아지는 신고가, 왜?",주가 정보
https://www.mk.co.kr/news/realestate/11281857,"“작은 고추가 맵네”…전용 60㎡ 미만 청약경쟁률, 85㎡ 초과 6배",주가 정보
https://www.mk.co.kr/news/realestate/11281723,"서울시, 부동산 불법 의심거래 32건 정밀 조사 착수",주가 정보
https://www.mk.co.kr/news/realestate/11281523,[MK부동산 교육] 경매·공매 최고의 수업’ 저자 직강 왕초보 ‘경매·공매’ 과정 내달 11일 열린다…,주가 정보
https://www.mk.co.kr/news/realestate/11281444,용산 초고가 한남더힐 11개동이 토허제 비켜간 이유 [기자24시],주가 정보
https://www.mk.co.kr/news/realestate/11281404,‘압여목성’도 1년 더 추가요…과열 우려에 토허제 연장한 서울시,주가 정보
https://www.mk.co.kr/news/realestate/11281403,호갱노노 방문자수로 살펴본 올 1분기 인기 아파트 1위는,주가 정보
https://www.mk.co.kr/news/realestate/11280861,'미분양 무덤' 지방의 반전…포항서 최고 4.53대1,주가 정보
https://www.mk.co.kr/news/realestate/11280291,PF 개발에 ‘시민리츠’ 모델 활용 어떻게?,주가 정보
https://www.mk.co.kr/news/realestate/11280253,서울·수도권 전용 60㎡ 미만 청약 경쟁률 85㎡ 초과 대비 6배,주가 정보
https://www.mk.co.kr/news/realestate/11280162,“대출 더 막히기 전에 ‘막차’ 타자”…DSR 3단계 대출 규제 전 ‘분양 경쟁’,주가 정보
https://www.mk.co.kr/news/realestate/11280052,“전세사기 당할라”...세입자 10명중 6명은 “월세에 살래”,주가 정보
https://www.mk.co.kr/news/realestate/11279762,HL디앤아이한라·시흥시 시흥시청역세권 복합개발,주가 정보
https://www.mk.co.kr/news/realestate/11279664,전세 종말 성큼?…전국 월세 비중 처음 60% 넘었다,주가 정보
https://www.mk.co.kr/news/realestate/11279528,‘3기 신도시’ 하남교산...1115가구 첫 공공분양,주가 정보
https://www.mk.co.kr/news/realestate/11279490,“15억원으론 택도 없어”…고가 아파트만 팔리는 ‘웃픈’ 서울 주택시장,주가 정보
https://www.mk.co.kr/news/realestate/11279447,토허제 직전 마지막 5일... 강남구 아파트 절반이 신고가,주가 정보
https://www.mk.co.kr/news/realestate/11279322,환금성 높고 가격 안정적 유지…‘이 동네’로 아파트 거래 몰리는 이유,주가 정보
https://www.mk.co.kr/news/realestate/11279310,올해 4월 10대 건설사 2만2000여 가구 분양,주가 정보
https://www.mk.co.kr/news/realestate/11279264,4월 10대 건설사 2만2000여 가구 분양…서울 신규 공급은 ‘0건’,주가 정보
https://www.mk.co.kr/news/realestate/11279220,압구정 현대 92억원 신고가…토허제 재시행 직전 폭발적 매수세,주가 정보
https://www.mk.co.kr/news/realestate/11279193,"“가점 낮은 젊은 수요층 관심”…두산건설 컨소, ‘창원 메가시티 자이&위브’ 1일 1순위 청약",주가 정보
https://www.mk.co.kr/news/realestate/11279133,토허제 칼날 피한 ‘이것’…송파 아파트에 27명 ‘우르르’ 몸값도 ‘껑충’,주가 정보
https://www.mk.co.kr/news/realestate/11278843,“경매는 토허제서 제외”…송파 아파트 경매에 우르르 몰리며 최고가 낙찰,주가 정보
https://www.mk.co.kr/news/realestate/11278637,"“10년 만에 최고 수준”…두산건설, 작년 영업이익 1000억원 넘겨",주가 정보
https://www.mk.co.kr/news/realestate/11278412,“이것이 오매불망 강남 강남하는 이유?”…아파트 1채 팔면 서울 저가 아파트 5.8채,주가 정보
https://www.mk.co.kr/news/business/11278397,"랜선 집들이의 힘…‘오늘의집’, 10년 만에 흑자냈다",주가 정보
https://www.mk.co.kr/news/realestate/11278378,광진구 미리내집 찾은 오세훈...자녀 더 낳으면 인센티브,주가 정보
https://www.mk.co.kr/news/realestate/11278283,[부고] 하동우(한신공영 전무)씨 부친상,주가 정보
https://www.mk.co.kr/news/realestate/11278194,용산구 전국 최초 토지거래허가 정보광장 구축,주가 정보
https://www.mk.co.kr/news/realestate/11278095,용인 푸르지오 원클러스터 등 4월 전국 2만3730가구 분양,주가 정보
https://www.mk.co.kr/news/realestate/11278094,"대광건영, 구미 ‘신확장 대광로제비앙 메가시티’ 내달 17일 개관",주가 정보
https://www.mk.co.kr/news/realestate/11278093,불 꺼진 아파트 계속 늘어난다...‘악성 미분양’ 주택 11년 만에 최대치,주가 정보
https://www.mk.co.kr/news/realestate/11278063,‘넘을 수 없는’ 서울 공화국...옆동네 경기도보다 무려 3배 비싼 분양가,주가 정보
https://www.mk.co.kr/news/realestate/11277984,신축 아파트 희소성 더 커진다…올봄 ‘용인 푸르지오 원클러스터 2∙3단지’ 선점 경쟁 후끈,주가 정보
https://www.mk.co.kr/news/realestate/11277304,경기 미분양 1년새 7천가구 늘었는데…여기는 되레 줄었다는데 어디?,주가 정보
https://www.mk.co.kr/news/realestate/11276312,“누적 이용자 50만명 넘었다”…입주민 전용 셔틀버스 다닌다는 ‘이 아파트’,주가 정보
https://www.mk.co.kr/news/realestate/11276297,"“여보, 이제 밥 안 해도 되겠네”…조∙중식 서비스 제공 아파트 ‘인기’",주가 정보
https://www.mk.co.kr/news/realestate/11276104,"“작은게 더 좋아요”...매력도 높아진 중소형 단지, 왜?",주가 정보
https://www.mk.co.kr/news/realestate/11276096,[MK부동산 교육] 경매·공매 최고의 수업’ 저자 직강 왕초보 ‘경매·공매’ 과정 내달 11일 열린다…,주가 정보
https://www.mk.co.kr/news/realestate/11276082,"이 아파트 입주민 전용 셔틀버스, 이용자 50만명 넘었다는데",주가 정보
https://www.mk.co.kr/news/realestate/11275971,힐스테이트 아시아 디자인상 받은 작품 뭐길래,주가 정보
https://www.mk.co.kr/news/realestate/11275864,"“제발 당첨되게 해주세요”...청년들 몰려간 이곳, 어디길래",주가 정보
https://www.mk.co.kr/news/realestate/11275819,“토허제 약발 확실히 있네”...송파 집값 순식간에 꺾였다,주가 정보
https://www.mk.co.kr/news/realestate/11275688,"동문건설, 대입 농어촌특별전형 가능 ‘파주 문산역 3차 동문 디 이스트 센트럴’ 공급",주가 정보
https://www.mk.co.kr/news/realestate/11275424,'두산위브' 살아도 삼성물산 '홈닉' 앱 쓴다,주가 정보
https://www.mk.co.kr/news/realestate/11275272,울산에도 ‘분양가 상한제 아파트’···태화강 에피트 내달 분양,주가 정보
https://www.mk.co.kr/news/realestate/11275233,"1,400,000,000원…서울 아파트 평균 매매가 또 역대 최고치",주가 정보
https://www.mk.co.kr/news/realestate/11275226,“얼죽신이거나 확 저렴하거나”…올해 부동산 트렌드 보니,주가 정보
https://www.mk.co.kr/news/realestate/11275223,“토허제 확대에 확 얼어붙었다”…‘이 동네’ 아파트값도 하락 전환,주가 정보
https://www.mk.co.kr/news/realestate/11275023,용산국제업무지구 개발 첫발...1호 필지 한전에 공급,주가 정보
https://www.mk.co.kr/news/realestate/11274956,"중흥토건, ‘원주역 중흥S-클래스’ 전 가구 청약마감…평균 8.95대 1",주가 정보
https://www.mk.co.kr/news/realestate/11274939,"HL디앤아이한라, 분상제 적용 아파트 ‘태화강 에피트’ 이달 공급",주가 정보
https://www.mk.co.kr/news/realestate/11274909,"“4월에 휴가 좀 내야겠다”...늘어나는 분양 물량, 내집 마련 기회 온다",주가 정보
https://www.mk.co.kr/news/realestate/11274888,영등포·구로 노후 공장지대 아파트 짓기 쉬워진다,주가 정보
https://www.mk.co.kr/news/realestate/11274801,부산 15년 이상 노후 주택 ‘10곳 중 7곳’…신축 아파트 선호 성향 뚜렷,주가 정보
https://www.mk.co.kr/news/realestate/11274792,[MK부동산 교육] 경매·공매 최고의 수업’ 저자 직강 왕초보 ‘경매·공매’ 과정 내달 11일 열린다…,주가 정보
https://www.mk.co.kr/news/realestate/11274305,“민간임대주택 투자하세요”...사기 우려 커지자 ‘금지법’ 만든다,주가 정보
https://www.mk.co.kr/news/realestate/11274303,"계약갱신권 없는 전세는 더 싸게? 정부, 임대차2법 개편 논의 본격화",주가 정보
https://www.mk.co.kr/news/realestate/11274299,부천 'e편한세상 대장 퍼스티움' 분양,주가 정보
https://www.mk.co.kr/news/realestate/11273955,"“3기 신도시 대장지구 첫 분양”…DL이앤씨, ‘e편한세상 대장 퍼스티움’ 5월 공급",주가 정보
https://www.mk.co.kr/news/realestate/11273830,국민평형인데 70억에 거래됐다...평당 2억 넘긴 반포 래미안원베일리,주가 정보
https://www.mk.co.kr/news/realestate/11273787,서울 새 아파트 실종?...내년 입주량 74% 뚝,주가 정보
https://www.mk.co.kr/news/realestate/11273785,반도체 산업에 맞춘 특급 교통망 ‘용인 반도체 로드’ 조성 탄력,주가 정보
https://www.mk.co.kr/news/realestate/11273716,"“3기 신도시 대장지구 첫 분양”…DL이앤씨, ‘e편한세상 대장 퍼스티움’ 5월 분양 예정",주가 정보
https://www.mk.co.kr/news/realestate/11273678,탁 트인 거실창 밖 풍경에 ‘이것’까지…중증 제친 고층 아파트 경쟁률 보니,주가 정보
https://www.mk.co.kr/news/realestate/11273655,"“이 시국에 전셋값까지 뛸까 무섭다”…4월 아파트 입주물량, 이달 ‘반토막’",주가 정보
https://www.mk.co.kr/news/realestate/11273141,"""토허제 해당 안된대"" 경매 법원 북적",주가 정보
https://www.mk.co.kr/news/realestate/11272995,부동산마케팅協 회장에 장영호 CLK 대표 연임,주가 정보
https://www.mk.co.kr/news/realestate/11272990,“스피드가 생명”…‘토허제’ 시행 직전 강남3구서 20건 넘는 아파트 거래,주가 정보
https://www.mk.co.kr/news/realestate/11272969,동부건설 작년 연말 수주 잔고 10조6000억,주가 정보
https://www.mk.co.kr/news/realestate/11272689,“집값 담합 제보하면 2억원”…서울시 뒤늦은 ‘투기와의 전쟁’,주가 정보
https://www.mk.co.kr/news/realestate/11272746,"강서 화곡, 마포 중동에 모아타운으로 2167가구 공급",주가 정보
https://www.mk.co.kr/news/realestate/11272610,“입지·상품·미래가치 두루 갖췄다”…‘동래 반도 유보라’ 견본주택 28일 개관,주가 정보
https://www.mk.co.kr/news/realestate/11272441,"“잠실·대치는 울상인데”...토허제도 비켜간 압구정, 8억 더 올랐다",주가 정보
https://www.mk.co.kr/news/realestate/11271982,"“공급가뭄 언제까지”…재건축 위축·정국혼란 이중고, 내달도 서울 아파트 분양 ‘0’",주가 정보
https://www.mk.co.kr/news/realestate/11271595,"“이제 떨어진다던 집값, 이게 무슨 일”...더 강하게 돌아온 부동산 규제, 효과는 글쎄 [부동산 이기자]",주가 정보
https://www.mk.co.kr/news/realestate/11271751,코엑스~잠실 ‘통개발’ 밑그림…강남 스카이라인 확 바뀐다,주가 정보
https://www.mk.co.kr/news/realestate/11271676,"“우리 떨고있니”...오늘부터 시작되는 강남3구·용산 ‘갭투자 금지’, 주변지역 풍선효과는",주가 정보
https://www.mk.co.kr/news/realestate/11271675,"삼성E&A, 5200억원 규모 바이오 플랜트 계약",주가 정보
https://www.mk.co.kr/news/realestate/11271666,"부산 ‘아시아드 라인’ 따라 확장되는 고급 주거 벨트…쌍용건설, ‘쌍용 더 플래티넘 동래 아시아드’ 4월 분양",주가 정보
https://www.mk.co.kr/news/realestate/11271670,"부산 연산 5구역 재건축 사업
현대건설, 올해 마수걸이 수주",주가 정보
https://www.mk.co.kr/news/realestate/11271481,“강남도 아닌데 신축 입주권 웃돈만 10억”...‘준강남’은 된다는 이 뉴타운,주가 정보
https://www.mk.co.kr/news/realestate/11271461,“이 시국에 누가 분양 나설까요”...4월 서울 아파트 분양 ‘0건’,주가 정보
https://www.mk.co.kr/news/realestate/11271456,"“1억 내릴게요” “급매물 있나요”...토허제 직전 눈치싸움, 카페서 은밀하게 계약도",주가 정보
https://www.mk.co.kr/news/economy/11271383,“나는 도대체 몇 %야?”...30억 자산 있어야 ‘상위 1% 부동산 부자’라는데,주가 정보
https://www.mk.co.kr/news/realestate/11271033,“작년보다 4만6천가구 줄었다”...경기도 집값 주춤하지만 입주물량 감소가 최대 변수,주가 정보
https://www.mk.co.kr/news/realestate/11270917,쿠팡에서 ‘자이’ 굿즈 판다,주가 정보
https://www.mk.co.kr/news/realestate/11270852,"금호건설, ‘에코델타시티 아테라’ 21일 견본주택 개관",주가 정보
https://www.mk.co.kr/news/realestate/11270851,탄핵 정국 혼란에 재건축 위축...4월 서울 분양 ‘0’건,주가 정보
https://www.mk.co.kr/news/realestate/11270687,“한 달 만에 이럴 수 있나”…콧대 높은 강남 집주인들 ‘토허제’ 재지정에 우왕좌왕,주가 정보
https://www.mk.co.kr/news/realestate/11270407,“수혜는 못 받고 날벼락만 맞았다”...구단위 토허제에 억울한 저가 아파트,주가 정보
https://www.mk.co.kr/news/realestate/11270189,“1기 신도시 재건축 발목잡을라”…상가쪼개기 금지법 발의,주가 정보
https://www.mk.co.kr/news/realestate/11269855,2025 최신 경매시장 동향 및 입찰 전략 특강 ‘내일’,주가 정보
https://www.mk.co.kr/news/realestate/11269747,“전세도 월세도 너무 비싸요”...누울 자리 찾기 힘든 청년들에 한줄기 빛이 된 이곳은,주가 정보
https://www.mk.co.kr/news/realestate/11269158,힐스테이트 더샵 상생공원 포항서 999가구 분양,주가 정보
https://www.mk.co.kr/news/realestate/11269155,"""분양은 토허제 제외""… 수혜단지 관심 '후끈'",주가 정보
https://www.mk.co.kr/news/realestate/11268945,"강산건설·미래도건설 컨소시엄, ‘브레인시티 앤네이처 미래도’ 4월 분양",주가 정보
https://www.mk.co.kr/news/realestate/11268936,"HDC현산, CBRE 손잡고 용산정비창 전면1구역 재개발 사업 공략",주가 정보
https://www.mk.co.kr/news/realestate/11268906,지방 악성 미분양…정부가 감정가 83% 이하로 사들인다,주가 정보
https://www.mk.co.kr/news/realestate/11268743,“토허제 시행 전 막차 타자” 강남3구·용산 매물 하루 만에 1.4% 증가,주가 정보
https://www.mk.co.kr/news/realestate/11268715,[MK 경·공매 교육] ‘왕초보’ 입문부터 실전까지 ‘경매·공매 이것부터 알고 시작하자’ 주제로 특강…,주가 정보
https://www.mk.co.kr/news/realestate/11268571,"“청천벽력 같은 소식”...하루아침에 호가 3억원 내려갔다, 토허제 재지정 후폭풍",주가 정보
https://www.mk.co.kr/news/realestate/11268554,"“수변 조망 프리미엄”…두산에너빌리티, ‘트리븐 안동’ 4월 분양",주가 정보
https://www.mk.co.kr/news/realestate/11268538,“우왕좌왕하더니 우리만 손해 볼 판”…해제 수혜도 못 받았는데 발 묶인 ‘이 동네’ 주민들,주가 정보
https://www.mk.co.kr/news/realestate/11268209,"회원용
분양시장 물량 급감 예고에 ··· 강남 분양가상한제 지역에 쏠리는 눈 [매일 돈이 보이는 습관 M+]",주가 정보
https://www.mk.co.kr/news/realestate/11268235,신고가 빵빵 터지자 한달만에 태세 전환...집값 잡힐지는 ‘글쎄’,주가 정보
https://www.mk.co.kr/news/realestate/11268224,집값 급등에 화들짝...더 강하게 돌아온 ‘토허제’,주가 정보
https://www.mk.co.kr/news/realestate/11267985,“새 아파트 씨가 말랐다”…1분기 서울 분양 달랑 한 곳,주가 정보
https://www.mk.co.kr/news/realestate/11267739,“3년간 2억원 넘게 올랐다”…경기도 분양가 3년새 43% 상승,주가 정보
https://www.mk.co.kr/news/realestate/11267564,"“합리적 분양가 책정”…동부건설, ‘문수로 센트레빌 에듀리체’ 공급",주가 정보
https://www.mk.co.kr/news/realestate/11267541,지난해 경기도 1순위 청약자 10만명↑…778배 급증한 도시는,주가 정보
https://www.mk.co.kr/news/realestate/11267475,“아메리카노 반값도 안 되네”…‘하루 1000원’ 파격 임대료에 30대 몰린 이 주택,주가 정보
https://www.mk.co.kr/news/realestate/11267369,과열된 강남 3구 다시 묶이나…최상목 “적기에 대응 방안 강구해야”,주가 정보
https://www.mk.co.kr/news/realestate/11267081,원주역 중흥S-클래스 508가구,주가 정보
https://www.mk.co.kr/news/realestate/11266856,토허제 해제에도 연립·다세대는 울상...거래량 증가 찔끔,주가 정보
https://www.mk.co.kr/news/realestate/11266832,"“토허제가 쏘아 올린 공”…전국 집값 하락 폭 꺾이고, 서울은 석달 만에 최대 상승",주가 정보
https://www.mk.co.kr/news/realestate/11266610,"“대지 위에 세운 예술”…금호건설, ‘에코델타시티 아테라’ 분양",주가 정보
https://www.mk.co.kr/news/realestate/11266582,“서울 집값 무섭게 오르니 마음 급해지네”…경기 아파트 거래 1만건 육박,주가 정보
https://www.mk.co.kr/news/realestate/11266531,전세 기피에 월세 치솟자 임대 아파트에 수요 몰려,주가 정보
https://www.mk.co.kr/news/realestate/11266530,지난해 경기도 아파트 거래량 증가 1위 지역은 어디?,주가 정보
https://www.mk.co.kr/news/realestate/11266527,"“사장님, MBTI 좀 알 수 있을까요”…요즘 공인중개사들, 적극 공개한다는데",주가 정보
https://www.mk.co.kr/news/realestate/11266526,문정현대 리모델링 허가…쌍용 리모델링 7호 예정,주가 정보
https://www.mk.co.kr/news/realestate/11266445,"진정한 슬세권 단지, 효성중공업·진흥기업 시공 효성 ‘해링턴 스퀘어 산곡역’ 인기",주가 정보
https://www.mk.co.kr/news/realestate/11266481,"“비수도권은 썰렁한데”…경기도, 상업지역 아파트 청약 열기 ‘후끈’",주가 정보
https://www.mk.co.kr/news/realestate/11266453,"“주변 시세 대비 합리적”…대광건영, ‘회천중앙역 로제비앙 그랜드센텀’ 4월 분양",주가 정보
https://www.mk.co.kr/news/realestate/11266452,"중흥건설그룹 중흥토건, 교통호재 수혜 기대 ‘원주역 중흥S-클래스’ 21일 견본주택 개관",주가 정보
https://www.mk.co.kr/news/realestate/11266153,"코오롱글로벌, 아이 키우기 좋은 아파트 ‘번영로 하늘채 라크뷰’ 공급",주가 정보
https://www.mk.co.kr/news/realestate/11266214,“로또보다 당첨가능성 높다”…‘5억 차익’ 광교 무순위 청약 2가구에 36만명 넘게 몰려,주가 정보
https://www.mk.co.kr/news/realestate/11265972,'우미 린 프리미어' 419가구 부산 장안지구서 내달 분양,주가 정보
https://www.mk.co.kr/news/realestate/11265971,제일건설 '양주역 위너스카이' 702가구,주가 정보
https://www.mk.co.kr/news/realestate/11265783,일신건영 ‘원종 휴먼빌 클라츠’ 4월 분양,주가 정보
https://www.mk.co.kr/news/realestate/11265755,"HL디앤아이한라, 단지형 고급단지 ‘울산 에피트 스타시티’ 분양",주가 정보
https://www.mk.co.kr/news/realestate/11265727,"동문건설, 삼성효과 기대감 ‘평택 화양 동문 디 이스트’ 공급",주가 정보
https://www.mk.co.kr/news/realestate/11265691,우미건설 ‘우미 린 프리미어’ 부산 장안지구서 4월 분양,주가 정보
https://www.mk.co.kr/news/realestate/11265687,“강남3구는 국평 20억원 넘었다”...토허제 해제 이후 미친듯이 오르네,주가 정보
https://www.mk.co.kr/news/realestate/11265686,제일건설 ‘양주역 제일풍경채 위너스카이’ 4월 분양,주가 정보
https://www.mk.co.kr/news/realestate/11265636,“자고 일어나면 뛰네”… 서울 분양가 평당 4428만원,주가 정보
https://www.mk.co.kr/news/realestate/11265633,"“줬다 뺏기냐”…족쇄 풀리자 강남 아파트 거래 폭증, ‘토허제 재지정’ 논란",주가 정보
https://www.mk.co.kr/news/realestate/11265531,반세권 아파트 가치 상승… ‘힐스테이트 용인마크밸리’ 4월 공급,주가 정보
https://www.mk.co.kr/news/realestate/11265540,[MK부동산 교육] 왕초보 경·공매 100문 100답 ‘경매·공매 최고의 수업’ 저자 직강 이번주 열린다…,주가 정보
https://www.mk.co.kr/news/economy/11265486,‘토지거래허가제’ 푼지 한 달밖에 안됐는데…서울 집값 또 ‘들썩’,주가 정보
https://www.mk.co.kr/news/economy/11265367,“꼭 선정됐으면 좋겠어요”…주거비 부담 ‘뚝’ 인천 ‘천원주택’ 흥행,주가 정보
https://www.mk.co.kr/news/realestate/11265238,“우리집에서 한강 보여”...‘뷰’ 따라 공시가 하늘과 땅 차이,주가 정보
https://www.mk.co.kr/news/realestate/11265151,‘평당 1억’ 시대 열릴까…연일 무섭게 오르는 이 동네,주가 정보
https://www.mk.co.kr/news/realestate/11264898,“이때다 싶어 호가 매물 쏟아진다”…서울 아파트 2월 거래 5천건 넘겨,주가 정보
https://www.mk.co.kr/news/realestate/11264864,“연봉 1억으로도 모자르다”…110억 매물 ‘이곳’ 관리비 대체 얼마길래,주가 정보
https://www.mk.co.kr/news/realestate/11264835,"“빚내서라도 산다”...복덕방에 몰려간 아파트 구매족, 토허제 여파?",주가 정보
https://www.mk.co.kr/news/realestate/11264815,"‘대치맘’ 경사났네…대치동 재건축 대장주, 최고 50층 올라간다",주가 정보
https://www.mk.co.kr/news/realestate/11264760,"“집값, 노도강·금관구 마저 꿈틀”…3개월만에 상승세로 전환",주가 정보
https://www.mk.co.kr/news/realestate/11264641,경매시장도 뜨거운 강남... 신반포자이 낙찰가율 118%,주가 정보
https://www.mk.co.kr/news/realestate/11264459,"“서울은 원래 새 아파트가 없나요”…씨 마른 분양 물량, 이유가 있었네",주가 정보
https://www.mk.co.kr/news/realestate/11264400,"“여보 어쩌지, 이사 어렵겠는데”...집값 심상치않은데 물량마저 없다",주가 정보
https://www.mk.co.kr/news/realestate/11264305,서울 내년 입주 아파트 '반토막',주가 정보
https://www.mk.co.kr/news/realestate/11264070,"한토신,  ‘골드라인’ 7호선 남성역 역세권 재개발 맡는다",주가 정보
https://www.mk.co.kr/news/realestate/11263996,‘임대료 천원 주택’이 던지는 불편한 현실…주택시장 근본 해결책은 무엇인가 [매경데스크],주가 정보
https://www.mk.co.kr/news/realestate/11263993,“당첨 땐 5억 기대감”…수원 광교서 무순위 청약 나온다,주가 정보
https://www.mk.co.kr/news/realestate/11263667,“내년까지 공동주택 입주예정물량 서울 7.1만호…가장 많은 곳은 경기”,주가 정보
https://www.mk.co.kr/news/realestate/11263770,"HMG그룹, 청주 신분평 도시개발사업 브랜드 ‘더웨이시티’ 확정",주가 정보
https://www.mk.co.kr/news/realestate/11263736,미래 인재 육성에 진심인 이 건설사…직원들은 좋겠네,주가 정보
https://www.mk.co.kr/news/realestate/11263732,“평택에서 서울 강남 출퇴근 30분대”…평택 더 플래티넘 스카이헤론,주가 정보
https://www.mk.co.kr/news/economy/11263675,[MK부동산 교육] ‘경매·공매 최고의 수업’ 저자 직강 ‘왕초보’ 입문부터 실전 투자까지…,주가 정보
https://www.mk.co.kr/news/realestate/11263564,"“내 집 공간, 게임하듯 디자인한다”…DL이앤씨 회심작 ‘디 셀렉션’ 현장 가보니 [르포]",주가 정보
https://www.mk.co.kr/news/realestate/11263232,아파트 조경에 공들이는 건설업계…‘e편한세상 송도 더퍼스트비치’ 등 눈길,주가 정보
https://www.mk.co.kr/news/realestate/11262947,"“인테리어도 옵션으로 해결” DL이앤씨, 최초 추가선택품목 브랜드 ‘디 셀렉션’ 공개",주가 정보
https://www.mk.co.kr/news/realestate/11262816,집값 52억5천만원 찍은 이곳...최고 부촌의 재건축 두고 삼성·현대 붙는다,주가 정보
https://www.mk.co.kr/news/realestate/11262676,“보유세 껑충 뛴다” 서울 공시가 8%↑…강남 3구 보유세 부담 많게는 30%대 증가도,주가 정보
https://www.mk.co.kr/news/realestate/11262601,아이유·송중기가 사는 그 아파트…국내 최초 공시가 200억 넘겼다,주가 정보
https://www.mk.co.kr/news/realestate/11262472,“1평 값이 내 연봉이네”…전국 아파트 분양가 평당 3000만원 첫 돌파,주가 정보
https://www.mk.co.kr/news/realestate/11262058,자녀에게 ‘얼죽신’ 넘겨줬더니···국세청 세무조사 출두요 [매일 돈이 보이는 습관 M+],주가 정보
https://www.mk.co.kr/news/realestate/11262364,“토허제 풀리니 매매가만 치솟는다”…갭투자 벽 더 높아졌다는데,주가 정보
https://www.mk.co.kr/news/realestate/11262265,노후 주택 즐비 부산서 이달 신축 공급 잇따라…‘e편한세상 송도 더퍼스트비치’ 등 눈길,주가 정보
https://www.mk.co.kr/news/realestate/11261931,울산 첫 단지형 고급 주거 단지…HL디앤아이한라 ‘울산 에피트 스타시티’ 분양,주가 정보
https://www.mk.co.kr/news/realestate/11261909,"“여보, 아이 낳길 잘한거 같아”…임대주택 입주 때 출산·다자녀 가구 우대",주가 정보
https://www.mk.co.kr/news/realestate/11261767,내년 수도권 입주 확 준다…신축 프리미엄 찾아 기 오픈 단지 관심도 재점화,주가 정보
https://www.mk.co.kr/news/realestate/11261721,동부건설 800억 규모 망우동 가로주택정비사업 수주,주가 정보
https://www.mk.co.kr/news/realestate/11261663,"개발 호재 품은 아산 서희스타힐스 스카이파크, 주택전시관 14일 오픈",주가 정보
https://www.mk.co.kr/news/realestate/11261605,"아파트 평균 분양가, 평당 3천만원 넘었다...올해는 계속 오른다는데",주가 정보
https://www.mk.co.kr/news/realestate/11261589,“더 이상 ‘옆집뷰’ 싫어요”...답답함 진저리치는 입주민들 “쾌적해야 산다”,주가 정보
https://www.mk.co.kr/news/realestate/11261507,"2월 분양 물량, 전년 대비 5분의 1 토막…“6년 만에 최저 수준”",주가 정보
https://www.mk.co.kr/news/realestate/11261475,“이 위기 속에도 대단지 용인 푸르지오 완판?” 반도체發 개발 호재 톡톡히 누린 이곳,주가 정보
https://www.mk.co.kr/news/economy/11261480,"“이제 이삿짐 싸도 되는 거야?”…토허제 해제 영향, 아파트 입주전망지수 반등",주가 정보
https://www.mk.co.kr/news/realestate/11261422,강남 ‘通’ 이 지하철 노선 주변에 청약통장 31만개 몰려,주가 정보
https://www.mk.co.kr/news/realestate/11261362,"똘똘하고 ‘넓은’ 한 채 먹혔다…강남 중대형 아파트, 10년새 3배 점프",주가 정보
https://www.mk.co.kr/news/realestate/11260892,"“뭐이리 허술해”…25년 베테랑 아파트 관리직원 잠적, 텅빈 통장만 덩그라니",주가 정보
https://www.mk.co.kr/news/realestate/11260639,닻올린 용인플랫폼시티···구성역 인근 집값 봄볕 드나,주가 정보
https://www.mk.co.kr/news/realestate/11260564,토허제 효과일까...3월 아파트 입주 전망지수 서울은 5.7P 올라,주가 정보
https://www.mk.co.kr/news/realestate/11260476,"“외국인 많은 현장, 이걸로 관리”...공사장에 부는 인공지능 바람",주가 정보
https://www.mk.co.kr/news/realestate/11260473,"“몇달만에 1억씩 뛰었다”...준강남 이름값한 이곳 집값, 상승 이유는",주가 정보
https://www.mk.co.kr/news/realestate/11260471,“같은 서울인데 우리 동네는 왜 이래”…지역별 아파트값 차이 ‘화들짝’,주가 정보
https://www.mk.co.kr/news/realestate/11260369,“집값 너무 오르면 다시 규제”...규제 해제 후폭풍 진화한 서울시장,주가 정보
https://www.mk.co.kr/news/realestate/11260016,“간간이 전월세 계약만”…아파트값 오른다는데 ‘이곳’ 곡소리는 여전,주가 정보
https://www.mk.co.kr/news/realestate/11259777,“벌써 8번째” 사전청약 아파트 사업취소 또 나왔다…이번엔 강원도 원주,주가 정보
https://www.mk.co.kr/news/realestate/11259617,"“대치맘 비웃었는데”...조롱 받았던 엄마들, 이제는 부러움의 대상? [부동산 이기자]",주가 정보
https://www.mk.co.kr/news/realestate/11259664,“집값 빠지는 동네는 경매시장도 죽을 맛”…토허제 풀린 잠실만 반짝,주가 정보
https://www.mk.co.kr/news/realestate/11259621,“월세 200만원 넘어도 계약”...전세사기 피해 늘어나자 월세화 현상 가속,주가 정보
https://www.mk.co.kr/news/realestate/11259591,전주 ‘더샵 라비온드’ 1426가구 단기간 계약 완료,주가 정보
https://www.mk.co.kr/news/realestate/11259545,"여기 집값, 또 올랐어?...최고가 거래 늘었다는 서울 대장지역은",주가 정보
https://www.mk.co.kr/news/realestate/11259534,‘이 동네’ 아파트 매매 70%가 상승거래인데…“상승률 미미” 서울시 반박 근거보니,주가 정보
https://www.mk.co.kr/news/realestate/11259511,“저연차 엔지니어들 편하겠네”...AI 공사 매뉴얼까지 만든 이 건설사는?,주가 정보
https://www.mk.co.kr/news/realestate/11259172,수도권 아파트 1월 난방비 '껑충',주가 정보
https://www.mk.co.kr/news/realestate/11259055,"“서울아파트 보다 비싼 게 말이 되나”…이 지역 난방비, 껑충 뛴 이유는",주가 정보
https://www.mk.co.kr/news/realestate/11258454,도심형 실버타운 ‘평창 카운티’ 찾은 장동민·김대호·임우일…럭셔리 노후 라이프 체험 ‘호평’,주가 정보
https://www.mk.co.kr/news/realestate/11258916,“신축 아파트 월세가 10만원이라고? 실화냐?”…속사정 알고 보니,주가 정보
https://www.mk.co.kr/news/realestate/11258444,"대우건설, 완판 앞둔 ‘검단신도시 푸르지오 더 파크’ 임의공급 경쟁률 50대 1",주가 정보
https://www.mk.co.kr/news/realestate/11258441,"토지거래허가 구역 풀었더니…잠실 엘스 국평, 3주만에 30억 뚫어",주가 정보
https://www.mk.co.kr/news/realestate/11258127,"동문건설, KTX 파주 문산 연장 기대 속 ‘파주 문산역 3차 동문 디 이스트 센트럴’ 공급",주가 정보
https://www.mk.co.kr/news/realestate/11257986,올해 부산 아파트 입주 물량 16년 만에 최저…신규 분양 단지 주목,주가 정보
https://www.mk.co.kr/news/realestate/11257794,드디어 집값 ‘30억’ 뚫었다는 이 지역...부동산 들썩이는 이유 살펴보니,주가 정보
https://www.mk.co.kr/news/realestate/11257777,"롯데건설, ‘대전 롯데캐슬 더퍼스트’ 정당 계약",주가 정보
https://www.mk.co.kr/news/realestate/11257775,“얼마나 멋들어지는지”...세계 최고 디자인상 받았다는 이곳 살펴보니,주가 정보
https://www.mk.co.kr/news/realestate/11257459,아파트 하루 임대료가 1000원…‘이 동네’ 신혼부부들 난리났다는데,주가 정보
https://www.mk.co.kr/news/realestate/11257312,동부건설 드론 활용 스마트 안전관리 시연했다,주가 정보
https://www.mk.co.kr/news/realestate/11257122,빨리 팔아달라던 강남 집주인들 ‘태세 전환’…얼마나 올랐나 보니,주가 정보
https://www.mk.co.kr/news/realestate/11257080,반도체 신도시에 AMAT까지…반도체 벨트 최중심 입지 ‘현대 테라타워 세마역’ 연일 관심,주가 정보
https://www.mk.co.kr/news/realestate/11257018,"효성 ‘둔산 해링턴 플레이스 리버파크’ 계약금 정액제, 분양금액 지원 등 파격 조건 눈길",주가 정보
https://www.mk.co.kr/news/realestate/11257010,“매머드급 대단지”…‘해링턴 스퀘어 산곡역’ 4월 분양 예정,주가 정보
https://www.mk.co.kr/news/realestate/11256997,“또 올랐다고요?”...멈추는 법을 잊은 강남 아파트값,주가 정보
https://www.mk.co.kr/news/realestate/11256883,"목동14단지, 49층 5123가구로",주가 정보
https://www.mk.co.kr/news/realestate/11256842,부산 미래 이끌 도시 속의 도시 ‘에코델타시티’ 수요자 발길 계속돼,주가 정보
https://www.mk.co.kr/news/realestate/11256772,"“시세보다 싸다”…LH, 올해 분양·임대주택 8.8만 가구 입주자 모집",주가 정보
https://www.mk.co.kr/news/society/11256746,"구독자 24만명 인기 유튜버...“젊어 보이는 실버타운 입주자, 비결은”",주가 정보
https://www.mk.co.kr/news/realestate/11256477,"""초고령사회선 '노품아' 더 찾게될 것""",주가 정보
https://www.mk.co.kr/news/society/11256148,“초품아보다 더 인기 끌 아파트는”...공빠TV 대표가 말하는 미래 부동산은,주가 정보
https://www.mk.co.kr/news/realestate/11255844,"DL이앤씨, 발코니 확장 무상 혜택 ‘e편한세상 원주 프리모원 2회’ 공급",주가 정보
https://www.mk.co.kr/news/realestate/11256090,“유주택자 줍줍 막차”…당첨되면 ‘3억 로또’ 아파트에 16만명 몰려,주가 정보
https://www.mk.co.kr/news/realestate/11256086,"태영건설, 766억 규모 청주 다목적 실내체육관 공사 따내",주가 정보
https://www.mk.co.kr/news/realestate/11256065,“재건축이 대세 아니었네”…두 자릿수 뛴 서울 아파트 공통점 보니,주가 정보
https://www.mk.co.kr/news/realestate/11255766,GS건설 국제 디자인상 본상 받은 건 뭐길래,주가 정보
https://www.mk.co.kr/news/realestate/11255586,"“이래서 강남 안되면 근처라도”…직주근접 뛰어난 이 동네, 정비사업 탄력",주가 정보
https://www.mk.co.kr/news/realestate/11254922,"HL D&I한라, 1079억 규모 ‘남구로역세권 재개발’ 공사 수주",주가 정보
https://www.mk.co.kr/news/realestate/11254907,"중흥건설그룹 중흥토건, 교통호재 풍성 ‘원주역 중흥S-클래스’ 이달 공급",주가 정보
https://www.mk.co.kr/news/realestate/11254692,올 봄 부산 서면에 ‘쌍용 더 플래티넘 서면’,주가 정보
https://www.mk.co.kr/news/realestate/11254683,허윤홍 GS건설 대표 인구문제 인식개선 캠페인,주가 정보
https://www.mk.co.kr/news/realestate/11254668,전국 건설현장 2만2천곳 국토부 집중 점검,주가 정보
https://www.mk.co.kr/news/economy/11254450,“부러우면 지는건데” 年3억원 통장으로 따박따박…초고액 월세계약 잇따라,주가 정보
https://www.mk.co.kr/news/realestate/11254073,“5년간 건설재해로 숨진 사람 1211명”...사망 원인 1위는 ‘추락’,주가 정보
https://www.mk.co.kr/news/realestate/11254067,“대출 줄인다더니”...신생아 특례대출 소득요건 완화하자 매달 1조씩 늘었다,주가 정보
https://www.mk.co.kr/news/realestate/11253929,“돈 더 줄테니 만들어주세요”…공사비 올려 건설사 모시려는 이곳,주가 정보
https://www.mk.co.kr/news/realestate/11253664,규제 완화 효과? 18억원에 올렸는데 21억원에 팔려...87명 몰린 이 경매,주가 정보
https://www.mk.co.kr/news/realestate/11253663,"또 지붕 뚫었다...계속되는 강남불패, 서울 아파트값 역대 최고치",주가 정보
https://www.mk.co.kr/news/realestate/11253662,“이러다가 진짜 다 망할 판국”...전국에 폭증한 미분양에 특단대책 나온다,주가 정보
https://www.mk.co.kr/news/realestate/11253640,“서초·강남 우리끼리 만나요”…‘평당 2억’ 그들만의 입주민 소개팅 보니,주가 정보
https://www.mk.co.kr/news/realestate/11253610,“3월에 못 들어가면 큰일”...올해 가장 많은 아파트 대단지 물량 풀린다,주가 정보
https://www.mk.co.kr/news/realestate/11253021,‘평창 카운티’...‘구해줘 홈즈’ 내달 6일 실버타운 특집서 공개,주가 정보
https://www.mk.co.kr/news/realestate/11252937,남구 첫 센트레빌 보러 가자…‘문수로 센트레빌 에듀리체’ 견본주택 인산인해,주가 정보
https://www.mk.co.kr/news/economy/11252585,"“불꺼진 새 아파트 수두룩”…악성 미분양 2.3만가구, 11년3개월 만에 최대",주가 정보
https://www.mk.co.kr/news/realestate/11252559,지방서도 브랜드 단지만 선호 ‘뚜렷’,주가 정보
https://www.mk.co.kr/news/realestate/11252549,"“고층건물 옆인데 을씨년스럽네”…준공 후 미분양 아파트, 11년3개월 만에 최다",주가 정보
https://www.mk.co.kr/news/realestate/11252546,청약통장 쓸 곳 분상제 아파트 뿐인데···분양가 더 오른다,주가 정보
https://www.mk.co.kr/news/realestate/11252507,“전액 현금으로 샀다”…6억→20억 ‘껑충’ 김영철 청담 아파트,주가 정보
https://www.mk.co.kr/news/realestate/11252436,"“똘똘한 한 채, 점점 멀어지네”…토허제 해제에 잠삼대청 호가만 천정부지",주가 정보
https://www.mk.co.kr/news/realestate/11252208,부산 '블랑써밋 74' 오피스텔 대우건설 28일 견본주택 개관,주가 정보
https://www.mk.co.kr/news/realestate/11252086,"대전시, 청년·신혼부부 주거 혁신 가속화",주가 정보
https://www.mk.co.kr/news/realestate/11251985,"‘브라이튼 여의도’ 조·중식 서비스, 월 평균 이용률 72% 달해",주가 정보
https://www.mk.co.kr/news/realestate/11251927,"동문건설, ‘원주 동문 디 이스트’ 28일 임의공급 청약 진행",주가 정보
https://www.mk.co.kr/news/realestate/11251742,더 높아진 강남 집값···토허제 후폭풍 더 커져,주가 정보
https://www.mk.co.kr/news/realestate/11251672,"1순위 청약자 55%,  분상제 단지에 쏠렸다",주가 정보
https://www.mk.co.kr/news/realestate/11251551,"“봄 이사철 무색”…내달 전국 2.7만가구 분양, 서울 물량 ‘0’",주가 정보
https://www.mk.co.kr/news/realestate/11251500,“인구 줄어 공급도 쉽지 않아”…15년만에 제주 올해 분양물량 ‘0’,주가 정보
https://www.mk.co.kr/news/realestate/11250928,"효성해링턴 플레이스 동수원, 마지막 무순위 청약 성료…‘분양 마무리 임박’",주가 정보
https://www.mk.co.kr/news/realestate/11251443,“수도권 내 집 마련 기회 오나”…하남·용인·김포 2만7000가구 벚꽃분양,주가 정보
https://www.mk.co.kr/news/realestate/11251178,하남·용인·김포…전국 2.7만가구 벚꽃분양,주가 정보
https://www.mk.co.kr/news/realestate/11250979,“내 집 마련도 맹모삼천지교”…명문 학군지 따라 아파트값 강세,주가 정보
https://www.mk.co.kr/news/realestate/11250929,“아파트값 강남3구 닮아가네”…‘마·용·성’ 신고가 거래 속출,주가 정보
https://www.mk.co.kr/news/realestate/11250469,‘대단지 각축전’…봄 이사철 맞아 내달 전국에 2만4000가구 공급,주가 정보
https://www.mk.co.kr/news/realestate/11250397,"“그나마 월세 싸다고 해서 갔더니”…서울 이 동네, 한 달새 평균 18만원 올라",주가 정보
https://www.mk.co.kr/news/realestate/11250324,“내년엔 서울 신축 입주는 포기해야 하나”…공급물량 달랑 7천가구,주가 정보
https://www.mk.co.kr/news/realestate/11250319,"“이제 남는 용적률 사고 팔 수 있다고?”…풍납토성 일대, 고층빌딩 세운다",주가 정보
https://www.mk.co.kr/news/realestate/11250039,'얼죽신'에 기름 붓나 … 내년 서울 입주 달랑 7천가구,주가 정보
https://www.mk.co.kr/news/realestate/11250037,울산 문수로 센트레빌 28일 견본주택 오픈,주가 정보
https://www.mk.co.kr/news/realestate/11249868,30억·85억 아파트도 ‘당근’ 거래로…‘먹튀’ 피해 늘자 이곳서 상시 감시,주가 정보
https://www.mk.co.kr/news/realestate/11249771,무순위 청약 규제 예고에 소형 아파트 알짜 단지 각광…임의공급 앞둔 ‘인하대역 푸르지오 에듀포레’ 주목,주가 정보
https://www.mk.co.kr/news/realestate/11249763,건설규제 철폐 진심 吳…“역세권 준주거 종상향 추진”,주가 정보
https://www.mk.co.kr/news/realestate/11249742,“신축 집값 더 뛰겠네”…내년 수도권 아파트 입주 물량 10년내 최저,주가 정보
https://www.mk.co.kr/news/realestate/11249501,1월 서울 연립·다가구 원룸 전월세 얼마나 올랐나,주가 정보
https://www.mk.co.kr/news/realestate/11249499,"내년 수도권 입주 물량...10년 만에 최저치, 반토막",주가 정보
https://www.mk.co.kr/news/realestate/11249471,“5월이면 늦으리”…‘무주택자만’ 규제 앞두고 파주운정서 무순위 청약,주가 정보
https://www.mk.co.kr/news/realestate/11249360,“연예인 많이 산다더니 집값도 딴세상이네”…평당 2억 뚫은 강북 이 동네,주가 정보
https://www.mk.co.kr/news/realestate/11249320,"“이번 기회에 신축 전세 들어가볼까”…서울서만 내달 4600가구 입주, 어디길래",주가 정보
https://www.mk.co.kr/news/realestate/11248876,“집 없는 것도 서러운데 대출 금리 또 올리네”…엇박 금융정책에 무주택 서민들 ‘한숨’,주가 정보
https://www.mk.co.kr/news/realestate/11248546,‘의정부 롯데캐슬 나리벡시티’ 선점 움직임…수도권 중대형 공급 급감에 수요자 관심,주가 정보
https://www.mk.co.kr/news/realestate/11248557,"“3월에 전월세 노려 볼까”… 수도권 입주 물량, 전달의 3배",주가 정보
https://www.mk.co.kr/news/realestate/11248335,대구 핵심 상권의 이동…‘e편한세상 동대구역 센텀스퀘어’ 상업시설 인기,주가 정보
https://www.mk.co.kr/news/realestate/11248349,재건축 재개발에 전자투표 도입해보니…“만족도 98%”,주가 정보
https://www.mk.co.kr/news/realestate/11248345,"“평당 2억 또 나왔다”...강남 아니고 여기라는데, 한강변 전성시대",주가 정보
https://www.mk.co.kr/news/realestate/11248301,"“돈이 없어 문제지, 사놓으면 반드시 오른다”…외지인 서울 아파트 매입 역대 최고",주가 정보
https://www.mk.co.kr/news/realestate/11248278,"서울 구로 남부교도소, ‘이곳’으로 변신",주가 정보
https://www.mk.co.kr/news/realestate/11248165,"“우리도 30년 넘었다”…재건축 밑그림 그리는 서울 대표 택지지구 아파트촌, 어디",주가 정보
https://www.mk.co.kr/news/realestate/11247819,“토지거래허가 해제에 집도 안보고 계약”…강남구 평균거래가 8% 껑충,주가 정보
https://www.mk.co.kr/news/realestate/11247800,“미분양도 다시 보자”…‘대출이자 전액 지원’ 등 파격 혜택 빵빵,주가 정보
https://www.mk.co.kr/news/realestate/11247786,고양창릉 일반공급 ‘대박’…최고 410대1,주가 정보
https://www.mk.co.kr/news/economy/11247737,“이러니 다들 ‘서울서울’ 하지”…외지인 서울 아파트 매입 ‘역대 최고’,주가 정보
https://www.mk.co.kr/news/realestate/11247298,“상속세 공제 18억까지”…대선 격전지에 딱 맞춘 민주당의 부동산 정치,주가 정보
https://www.mk.co.kr/news/politics/11247207,"“재건축 쉽게 바꾸겠다”…부동산 표심 선점 나선 국민의힘, 강남·구도심 공략",주가 정보
https://www.mk.co.kr/news/realestate/11247136,"22억 영끌하더니…한남동 간 광희, 28억원에 사들인 오피스텔의 정체",주가 정보
https://www.mk.co.kr/news/realestate/11246782,"“평당 1억 넘는 가격에 팔렸는데, 강남 아니네”…재건축 광풍에 ‘이 동네’ 집값 들썩",주가 정보
https://www.mk.co.kr/news/realestate/11246664,‘신검단 로열파크씨티Ⅱ’ 커뮤니티 센터 등 다채로운 운영,주가 정보
https://www.mk.co.kr/news/realestate/11246478,"“전국 미분양, 지금 숫자는 시작에 불과”...‘현장 느낌’ 부족한 대책 [기자24시]",주가 정보
https://www.mk.co.kr/news/realestate/11246314,"대우건설, 희소성 높고 분양가 낮은 ‘검단신도시 푸르지오 더 파크’ 공급",주가 정보
https://www.mk.co.kr/news/realestate/11246353,“다른 지역은 다 떨어지는데”...규제 풀자 집값 상승폭 3배로 뛴 이 동네,주가 정보
https://www.mk.co.kr/news/business/11246342,"“몇억짜리 집인데, 꼼꼼하게 봐야지”…입주 사전점검도 이젠 앱으로 하는 시대",주가 정보
https://www.mk.co.kr/news/realestate/11245950,“이래서 강남 강남 하나 보네”…‘토허제’ 족쇄 벗자 전국 집값 하락에도 나 홀로 상승,주가 정보
https://www.mk.co.kr/news/realestate/11245932,총가구수 넘어선 승용차+승합차 대수…“아파트 주차장도 달라진다”,주가 정보
https://www.mk.co.kr/news/realestate/11245824,삼성물산 ‘스마트 말뚝 공법’ 개발...리모델링 안전∙품질∙효율 ‘쑥’,주가 정보
https://www.mk.co.kr/news/realestate/11245796,토지거래 허가 해제 한주새 강남·송파 상승폭 3배 껑충,주가 정보
https://www.mk.co.kr/news/realestate/11245789,"프런티어마루, 래미안 송도역 센트리폴 완판",주가 정보
https://www.mk.co.kr/news/realestate/11245551,대구·천안서 마수걸이 분양 나서는 e편한세상,주가 정보
https://www.mk.co.kr/news/realestate/11245523,"DL이앤씨, 대구와 천안에서 마수걸이 분양 나서…동시 청약 돌입",주가 정보
https://www.mk.co.kr/news/realestate/11245027,최악의 침체에도 ‘브랜드 아파트’ 선방…내달까지 10대 건설사 분양물량 보니,주가 정보
https://www.mk.co.kr/news/realestate/11245006,고양창릉 사전청약 30% 포기,주가 정보
https://www.mk.co.kr/news/business/11244826,"“봄맞이 인테리어 보러오세요”LX하우시스, ‘코리아빌드위크’참가",주가 정보
https://www.mk.co.kr/news/realestate/11244682,"“투기세력 유입 차단”…서울시, 부동산 불법행위 집중 점검 나선다",주가 정보
https://www.mk.co.kr/news/realestate/11244648,4.3조 경기 안산선·부산 경부선 ‘지하화’로···포클레인 경기 띄운다,주가 정보
https://www.mk.co.kr/news/realestate/11244636,“서울에서는 볼 수 없는 뷰”…‘억’ 소리 난다는 정준호 송도 주택 어디길래?,주가 정보
https://www.mk.co.kr/news/realestate/11244298,개포동 ‘마지막 퍼즐’ 이 동네…2320세대 대단지로 통합 재건축,주가 정보
https://www.mk.co.kr/news/realestate/11244269,지방 ‘악성 미분양’ 폭증…LH가 직접 사들인다,주가 정보
https://www.mk.co.kr/news/realestate/11243943,"박상우 국토장관 “DSR 규제 완화, 지방 미분양 해소 효과 의문”",주가 정보
https://www.mk.co.kr/news/realestate/11243793,개포 경우현 통합 재건축 닻 올렸다…2320가구 대단지로,주가 정보
https://www.mk.co.kr/news/realestate/11243717,"“착한 분양가 통했네”…‘구불구불’ 긴 대기줄, 1만4천명 찾은 곳은",주가 정보
https://www.mk.co.kr/news/realestate/11243700,“대출 옥죄기에 서울 집값마저”…지난달 전국 주택가격 하락폭 확대,주가 정보
https://www.mk.co.kr/news/realestate/11243672,“2300세대 이상 신축 아파트”…‘힐스테이트 어울림 청주사직’ 100% 분양 완료,주가 정보
https://www.mk.co.kr/news/realestate/11243601,올해 2~3월 10대 건설사 1만8천가구 분양,주가 정보
https://www.mk.co.kr/news/realestate/11243595,"DL이앤씨, ‘아크로 베스티뉴’ 20일 임의공급 청약 접수…“59가구 대상”",주가 정보
https://www.mk.co.kr/news/realestate/11243553,"동부건설, 세종~포천 3공구 무결점 준공",주가 정보
https://www.mk.co.kr/news/realestate/11243504,개포 경우현 통합 재건축 닻 올렸다…2320가구 대단지로,주가 정보
https://www.mk.co.kr/news/realestate/11243458,수도권 한파에도 송도서 2600가구 완판…이 ‘브랜드’는 다르네,주가 정보
https://www.mk.co.kr/news/realestate/11243356,"“왜 강남만 풀어주나”…여전히 거래 묶인 곳들 부글부글, 무슨 규제길래",주가 정보
https://www.mk.co.kr/news/realestate/11243123,박상우 국토장관 ‘기업형 임대주택’ 재시동…2월 국회서 논의되나,주가 정보
https://www.mk.co.kr/news/realestate/11242868,"김형렬 행복청장, 중대재해처벌법 의무이행사항 점검",주가 정보
https://www.mk.co.kr/news/realestate/11242819,“영끌해서 샀는데 반토막”…집주인들 ‘곡소리’ 났다는 동네,주가 정보
https://www.mk.co.kr/news/realestate/11242790,은행주공 시공권 포스코 품에···더샵으로 짓는다,주가 정보
https://www.mk.co.kr/news/realestate/11242582,"“집값 도저히 감당 안 돼 떠납니다”...탈서울 행렬, 어디로 얼마나 갔나 보니",주가 정보
https://www.mk.co.kr/news/realestate/11242415,‘효성해링턴 플레이스 동수원’ 2월 25일~26일 마지막 무순위 청약 진행,주가 정보
https://www.mk.co.kr/news/realestate/11242417,"평당 40,000,000원 깨졌다…서울 아파트 매매가 5.2% 하락, 가장 많이 빠진 곳은?",주가 정보
https://www.mk.co.kr/news/realestate/11242323,“이것 때문에 집 샀더니 완전 애물단지”…휴식공간 각광받던 발코니의 배신,주가 정보
https://www.mk.co.kr/news/realestate/11242231,"“여보, 드디어 청약통장 쓸 아파트 나왔어”…엄마들 꽂힌 ‘특화설계’ 뭐길래?",주가 정보
https://www.mk.co.kr/news/realestate/11241570,“이것 생기면 판교처럼 될까”...천지개벽 기대감 커지는 상계·창동 일대,주가 정보
https://www.mk.co.kr/news/realestate/11241006,"부산 아파트 전세가율 64.6%, 15개월 연속 상승…매매수요 늘어날까",주가 정보
https://www.mk.co.kr/news/realestate/11240751,"한토신·제일건설 컨소, 운정신도시에 1222가구 공공지원 민간임대주택 공급",주가 정보
https://www.mk.co.kr/news/realestate/11240704,“집이 팔려야 이사를 가죠”...입주전망지수 2년 만에 ‘최저’,주가 정보
https://www.mk.co.kr/news/realestate/11240553,"“1억 깎아줘도 안 쳐다봐요”…미분양 무덤이 된 이 광역시, 얼마나 쌓였길래",주가 정보
https://www.mk.co.kr/news/realestate/11240452,아파트아이 앱으로 지난해 낸 관리비는 총 얼마?,주가 정보
https://www.mk.co.kr/news/realestate/11240231,"‘완판’ 대구 범어 아이파크, 보류지 3세대 공개 입찰나서",주가 정보
https://www.mk.co.kr/news/economy/11240199,"공정위, 시스템가구사 입찰담합에 과징금 183억",주가 정보
https://www.mk.co.kr/news/realestate/11240144,"중개수수료 부담에 “요즘 누가 부동산 가나요”…정부, ‘당근’ 아파트 거래에 실명인증 권고",주가 정보
https://www.mk.co.kr/news/realestate/11240075,‘사다리 타기’로 순서 결정…아파트 시스템가구 10년 담합 짬짜미 들통,주가 정보
https://www.mk.co.kr/news/realestate/11240074,“애 하나로는 어림 없네”…강남 청약 최저 당첨 가점 보니,주가 정보
https://www.mk.co.kr/news/realestate/11240020,“토허제 해제 기대감 선반영”…전국 집값 ‘곡소리’에도 서울만 나홀로 상승,주가 정보
https://www.mk.co.kr/news/realestate/11239937,"평당 180,000,000원…‘억’ 소리 나는 서울 분양가, 어디길래?",주가 정보
https://www.mk.co.kr/news/realestate/11239732,“서울 아파트 당첨에 술술 풀리나 했는데”…분양가 봤더니 숨이 ‘턱’,주가 정보
https://www.mk.co.kr/news/realestate/11239694,"“여긴 진짜 천당 바로 밑이네”…이 동네, 분당 최초 분양가 6000만원시대 연다",주가 정보
https://www.mk.co.kr/news/realestate/11239393,분양가 고공행진 … 작년 서울 38% 뛰었다,주가 정보
https://www.mk.co.kr/news/economy/11239272,“영끌 그게 뭔가요?”…주택시장 ‘거래실종’에 가계대출 증가세도 꺾였다,주가 정보
https://www.mk.co.kr/news/realestate/11239230,"‘얼죽신’이라더니…지방 아파트 ‘텅텅’, 계약률 3% 사업장도",주가 정보
https://www.mk.co.kr/news/realestate/11239039,“부산 북항재개발 호재로 시장 기대감”…수혜 단지 어딘가 보니,주가 정보
https://www.mk.co.kr/news/realestate/11239038,"쌍용건설, 3면 발코니 특화설계 ‘더 플래티넘 스카이헤론’ 공급",주가 정보
https://www.mk.co.kr/news/realestate/11238895,“무주택자 숨통” vs “경쟁률 총량만 달라져”…‘당첨되면 수억 차익’ 수도권 ‘줍줍’ 유주택자 막는다,주가 정보
https://www.mk.co.kr/news/realestate/11238890,마지막 줍줍...‘창경궁 롯데캐슬 시그니처’ 완판 임박,주가 정보
https://www.mk.co.kr/news/realestate/11238889,분양가 더 오른다…‘제로에너지’ 인증 의무화로 공사비 급등 우려,주가 정보
https://www.mk.co.kr/news/realestate/11238879,서울 3.3㎡당 2천만원대 분양 사라지나,주가 정보
https://www.mk.co.kr/news/realestate/11238862,"혜우이엔씨, LH매입약정 오피스텔 신축공사 계약체결…사업 확대",주가 정보
https://www.mk.co.kr/news/economy/11238856,“내 봉급으론 갈만한 지역이 없네”……평당 2000만원대 서울 자치구 꼴랑 2곳,주가 정보
https://www.mk.co.kr/news/realestate/11238827,노후주택 많을수록 ‘얼죽신’ 현상 뚜렷…청약 성적 좋고 완판 잇따라,주가 정보
https://www.mk.co.kr/news/realestate/11238759,“같은 돈 냈는데 왜 우리 집만 작나”…복불복 분양에 당첨자들 아우성,주가 정보
https://www.mk.co.kr/news/realestate/11238688,“너도나도 줍줍 신청? 이제 그만”…앞으론 무주택자 아니면 못 한다는데,주가 정보
https://www.mk.co.kr/news/realestate/11238631,“새집 6천만원 깎아줘도 전화 한 통 없어요”…수도권 북상하는 미분양 태풍,주가 정보
https://www.mk.co.kr/news/realestate/11238403,신혼타운 '복불복'…잘못 뽑으면 면적 작아,주가 정보
https://www.mk.co.kr/news/realestate/11238336,‘사하 경남아너스빌 시그니처’ 선착순 일부 세대 한정 특별 혜택 제공,주가 정보
https://www.mk.co.kr/news/realestate/11238326,공공택지 유찰 1.7조 규모…美금융위기 이후 15년만 최대,주가 정보
https://www.mk.co.kr/news/realestate/11238133,“호기롭게 나섰단 폭망”…지난달 수도권 포함 전국 11개 지역 분양물량 ‘0’,주가 정보
https://www.mk.co.kr/news/realestate/11238040,"반도건설, 부산 3중 역세권 ‘동래 반도유보라’ 3월 공급",주가 정보
https://www.mk.co.kr/news/realestate/11237856,"반도건설, 회사 태동지 부산서 오랜만에 분양",주가 정보
https://www.mk.co.kr/news/realestate/11237811,"동부건설, 울산 ‘문수로 센트레빌 에듀리체’ 이달 분양",주가 정보
https://www.mk.co.kr/news/realestate/11237777,“남은 분양 잡아라”…수도권 알짜 ‘줍줍’에 수요자 쏠려,주가 정보
https://www.mk.co.kr/news/realestate/11237681,"“고급시설 원하면 공사비 늘 수밖에”…강남 재건축, 공사비 분쟁 가열",주가 정보
https://www.mk.co.kr/news/realestate/11237577,입주 코앞인데 1억5천 더 달라니…공사비 폭탄 청구에 재건축 조합 “못 줘”,주가 정보
https://www.mk.co.kr/news/realestate/11236926,‘줍줍’이라고 다 로또는 아니다···알짜는 이제 무주택자만 가능하다는데 [부동산 이기자],주가 정보
https://www.mk.co.kr/news/realestate/11237043,"금성백조건설, ‘화성 비봉 금성백조 예미지 2차’ 100% 계약",주가 정보
https://www.mk.co.kr/news/realestate/11236949,대도시 터미널 용지 아파트 뜬다...교통 허브가 신흥 부촌으로,주가 정보
https://www.mk.co.kr/news/realestate/11236919,"“문의 한 통 없길래 가격 내려 팔았어요”…1월 부동산 하락거래, 1년 만에 최대",주가 정보
https://www.mk.co.kr/news/realestate/11236890,신생아 특례대출 완화 등 새해 달라지는 부동산 제도…‘번영로 하늘채 라크뷰’ 눈길,주가 정보
https://www.mk.co.kr/news/realestate/11236742,“역시 입지 좋으면 잘나가네”…부동산 혹한기에도 신고가 썼다는 이 동네,주가 정보
https://www.mk.co.kr/news/realestate/11236739,"“같은 평형인데 우리 집이 더 좁다고?”…당첨자들 불만 나온다는 이곳, 왜",주가 정보
https://www.mk.co.kr/news/realestate/11236547,"“중개업소 없이도 집 사고팔아요”…부동산 거래 ‘핫플’ 된 이곳, 유의할 점도 많다는데",주가 정보
https://www.mk.co.kr/news/realestate/11236493,같은 평형 당첨됐는데 우리 집이 왜 더 좁아?,주가 정보
https://www.mk.co.kr/news/realestate/11236405,"“신탁보다는”…목동7단지, ‘조합방식’ 재건축으로 간다",주가 정보
https://www.mk.co.kr/news/realestate/11235872,"“4억원 시세 차익, 63만명 몰려”…세종 무순위 청약 2가구에 ‘63만명’",주가 정보
https://www.mk.co.kr/news/realestate/11235787,"GS건설, 건설업계 최초 딥시크 금지",주가 정보
https://www.mk.co.kr/news/realestate/11235501,"두산건설, 작년 영업이익 1081억 원…10년내 최대 성과",주가 정보
https://www.mk.co.kr/news/realestate/11235471,“이러다 다 죽어”…고금리·고물가에 건설업계도 ‘곡소리’,주가 정보
https://www.mk.co.kr/news/realestate/11235376,민간 도심복합 개발 본격화…준주거 용적률 140%까지 상향,주가 정보
https://www.mk.co.kr/news/realestate/11235359,"HMG그룹, ‘청주 신분평 도시개발사업’ 본격화…첫 아파트 3월 공급",주가 정보
https://www.mk.co.kr/news/realestate/11235153,"지붕 뚫던 분양가, 22개월만에 최저라는데…얼마나 빠졌나 보니",주가 정보
https://www.mk.co.kr/news/realestate/11234558,분양가 오르자 줍줍 열기 ‘후끈’…‘힐스테이트 광주곤지암역’ 11일 임의공급 접수,주가 정보
https://www.mk.co.kr/news/realestate/11234158,3040세대 몰리는 ‘반도체 도시’…‘용인 둔전역 에피트’ 10일 무순위 청약,주가 정보
https://www.mk.co.kr/news/realestate/11234892,“이것 풀리면 갭투자 가능해진다”...나홀로 쑥 오른 송파구 집값,주가 정보
https://www.mk.co.kr/news/realestate/11234837,“당첨되면 최소 3억 번다”…세종 아파트 ‘로또 청약’에 57만명 몰려,주가 정보
https://www.mk.co.kr/news/economy/11234241,을사년 첫 달 청약시장 ‘꽁꽁’…공급량·분양가 동반 하락,주가 정보
https://www.mk.co.kr/news/realestate/11234205,“갭투자 가능해지려나” 송파 집값 ‘나홀로 쑥쑥’,주가 정보
https://www.mk.co.kr/news/business/11234195,"덕신EPC, 한국건축구조기술사회 50주년 세미나 후원",주가 정보
https://www.mk.co.kr/news/realestate/11234126,“강산 한번 변하는 동안 재산권 행사 못해”…10년 만에 ‘마포 공덕자이’ 등기 완료,주가 정보
https://www.mk.co.kr/news/realestate/11234060,“예랑아 우리도 신청해 볼까”…임대의무기간 풀린 서울 장기전세주택 신혼부부에게,주가 정보
https://www.mk.co.kr/news/realestate/11234029,아파트아이 앱서 네이버 페이도 한다,주가 정보
https://www.mk.co.kr/news/realestate/11234027,"장기전세주택, 의무임대 마치면 ‘미리 내집’으로 공급",주가 정보
https://www.mk.co.kr/news/realestate/11233998,욕실 배수 해당 층에서 직접 배출…소음 ‘뚝’,주가 정보
https://www.mk.co.kr/news/realestate/11233753,“이러다 정말 전세 사라지겠네”…1000만원 ‘훌쩍’ 아파트 월세 속출,주가 정보
https://www.mk.co.kr/news/realestate/11233622,"회원용
올해 달라지는 부동산 정책...돈 버는 투자전략은? [매일 돈이보이는 습관 M+]",주가 정보
https://www.mk.co.kr/news/realestate/11233668,“골드바 준대도 분양문의 한 통 없다”…아파트 즐비한데 음산하다는 이 도시,주가 정보
https://www.mk.co.kr/news/realestate/11233653,"“홈페이지 마비될라”…‘4억 로또’ 이 아파트, 무순위 청약 이틀로 나눈다는데",주가 정보
https://www.mk.co.kr/news/realestate/11233580,"더 추워진 '미분양 무덤' 대구 …""골드바 내걸어도 전화 한통없어""",주가 정보
https://www.mk.co.kr/news/realestate/11233447,청약홈 터질라 … 무순위 청약 이틀로 나눠,주가 정보
https://www.mk.co.kr/news/realestate/11233245,“반포 대표 주자가 어쩌다”…이 아파트 실거래가 90일 만에 3.5억 ‘뚝’,주가 정보
https://www.mk.co.kr/news/realestate/11233221,"“집밥 대신 아파트밥, 편하네”…미쉐린 메뉴에 참치 해체쇼까지 펼쳐진 이 곳",주가 정보
https://www.mk.co.kr/news/realestate/11233211,“계약금 20% 내세요”…시장 침체에도 청약 대기자 줄선 강남의 배짱,주가 정보
https://www.mk.co.kr/news/realestate/11232900,대우건설 ‘탕정 푸르지오 센터파크’ 선착순 동·호 지정 계약 진행 중,주가 정보
https://www.mk.co.kr/news/realestate/11232879,“슬리퍼 신고 가서 미쉐린 메뉴 먹어요”···밥 주는 아파트 맛집 직접 가보니,주가 정보
https://www.mk.co.kr/news/realestate/11232866,"“사이트 또 먹통될라”…‘4억 차익’ 세종 힐스테이트 리버파크 청약, 단지별로 나눠 받는다",주가 정보
https://www.mk.co.kr/news/realestate/11232864,HUG 신동아 법정관리 한달전에 분양보증 2613억원,주가 정보
https://www.mk.co.kr/news/realestate/11232830,수도권 전세가율 상승에 매매 갈아타기 수요 늘어,주가 정보
https://www.mk.co.kr/news/realestate/11232827,“바람 잘 날이 없네”…‘비수도권 DSR 한시 완화’ 미분양 해소에 도움?,주가 정보
https://www.mk.co.kr/news/realestate/11232807,오세훈 규제철폐 1호 상업지역 내 비주거비율 완화 속도전,주가 정보
https://www.mk.co.kr/news/realestate/11232674,“당첨만 되면 기본 5억 차익”…올해 첫 강남권 특공에 몰린 숫자가 무려,주가 정보
https://www.mk.co.kr/news/realestate/11232470,악성 미분양 2만 가구 넘었다...11년만에 ‘최다’,주가 정보
https://www.mk.co.kr/news/realestate/11232284,방배동 래미안 원페를라 1순위 4만명 몰려 151대1,주가 정보
https://www.mk.co.kr/news/realestate/11232281,하루에 한채 팔렸다 … 작년 거래 1위는 헬리오시티,주가 정보
https://www.mk.co.kr/news/realestate/11232280,"與 ""지방 미분양 대출 규제 한시 완화를""",주가 정보
https://www.mk.co.kr/news/realestate/11232195,“유주택자 서울 줍줍 마지막 기회”…‘창경궁 롯데캐슬 시그니처’ 135.51대 1,주가 정보
https://www.mk.co.kr/news/realestate/11232161,"“호캉스 갈 필요있나요”…한강뷰 수영장에 AI 주차, 요즘 아파트 놀랍네",주가 정보
https://www.mk.co.kr/news/realestate/11231934,청약 당첨자 80% 40대 이하…교육 특화 ‘래미안 송도역 센트리폴 1·2블록’ 눈길,주가 정보
https://www.mk.co.kr/news/realestate/11231823,“평당 1억 이젠 우습네”...강남·서초 아파트 평균 매매가 보니,주가 정보
https://www.mk.co.kr/news/realestate/11231774,"대우건설, 부산 초고층 단지 ‘블랑 써밋 74’  이달 분양",주가 정보
https://www.mk.co.kr/news/realestate/11231711,“부동산 침체? 우린 그런 거 몰라”…‘100억·70억’ 고가 주택값 더 올랐다,주가 정보
https://www.mk.co.kr/news/realestate/11231640,25평 계약금만 3.7억인데…방배 ‘래미안 원페를라’ 특공에 2만명 몰렸다,주가 정보
https://www.mk.co.kr/news/realestate/11231531,9천건→3천건→1천건...서울 아파트 거래 가뭄 이 정도야?,주가 정보
https://www.mk.co.kr/news/realestate/11231334,9천건→3천건→1천건…서울아파트 '거래 가뭄',주가 정보
https://www.mk.co.kr/news/realestate/11231335,세종서도 '4억 로또' 줍줍,주가 정보
https://www.mk.co.kr/news/economy/11231304,"“금리 내리면, 집값 얼마큼 올라?”…기준금리 0.25%p 인하 집값 0.4% 상승",주가 정보
https://www.mk.co.kr/news/realestate/11231138,어쩌다 입주제한 통보까지···점입가경 공사비 갈등,주가 정보
https://www.mk.co.kr/news/realestate/11231016,“나이 들면 자식보다 이게 효자”…집값 하락세에 가입자 몰린다는 ‘이것’,주가 정보
https://www.mk.co.kr/news/realestate/11230932,“우리도 방 네 개 짜리로 갈까”...부동산 혹한기에도 서울 대형 평수는 잘 나가네,주가 정보
https://www.mk.co.kr/news/realestate/11230885,"롯데건설, ‘대전 롯데캐슬 더퍼스트’ 이달 분양",주가 정보
https://www.mk.co.kr/news/realestate/11230877,부동산 시장에 ‘신세계’ 프리미엄 붙은 이유는,주가 정보
https://www.mk.co.kr/news/realestate/11230876,“아파트 전셋값 왜 이리 오르나”…빌라 전세가율은 최저 수준 ‘뚝’,주가 정보
https://www.mk.co.kr/news/realestate/11230844,"“아파트 청약 쏠림 여전할 듯”…이달 전국 1만2676가구 공급, 수도권은 어디서 나오나",주가 정보
https://www.mk.co.kr/news/realestate/11230818,2월 전국 분양 물량… 작년의 반토막,주가 정보
https://www.mk.co.kr/news/realestate/11230245,“얼죽신이 대세 아니었어?”…몸값 뛰는 구축 옆엔 항상 ‘이것’ 있다는데,주가 정보
https://www.mk.co.kr/news/realestate/11230222,"‘GTX 호재’ 3기신도시 고양창릉, 1792가구 본청약 공급",주가 정보
https://www.mk.co.kr/news/realestate/11229648,서울 ‘핫플’ 상권 빼면...뚝 떨어진 상가 임대료,주가 정보
https://www.mk.co.kr/news/realestate/11229334,"작년 ‘로또 청약’에 통장 쏟아졌다…서울 청약가점 평균 65점, 10년 내 최고",주가 정보
https://www.mk.co.kr/news/realestate/11229071,"“유주택자에 마지막 기회래요”…서울 무순위 줍줍 풀리는 곳, 어디",주가 정보
https://www.mk.co.kr/news/realestate/11229047,"연휴 끝나면 바로 ‘분양 로또’...올해 첫 ‘로또청약’ 래미안 원페를라, 분양가는?",주가 정보
https://www.mk.co.kr/news/realestate/11228869,유주택자 줍줍 마지막 기회 '창경궁 롯데캐슬' 청약 관심,주가 정보
https://www.mk.co.kr/news/realestate/11228800,“월세 계약·청구까지…임대주택 디지털로 관리”,주가 정보
https://www.mk.co.kr/news/realestate/11228731,"유주택자 마지막 무순위 줍줍
‘창경궁 롯데캐슬’에 쏠린 눈",주가 정보
https://www.mk.co.kr/news/realestate/11228722,"“같은 서울인데 넘사벽 차이네”…작년 서초 아파트 실거래가, 이 동네의 5배",주가 정보
https://www.mk.co.kr/news/realestate/11228713,"“부동산 투자도 ‘똑소리’”... 군포 출신 김연아, 85억 추정 흑석동 한강뷰 빌라 실내 공개",주가 정보
https://www.mk.co.kr/news/realestate/11228517,한달 관리비만 무려 763만원…작년 전국서 가장 많이 나온 아파트 어디길래,주가 정보
https://www.mk.co.kr/news/realestate/11228490,연휴 직후 분양 '알짜 물량' 몰려온다,주가 정보
https://www.mk.co.kr/news/realestate/11228479,방배 래미안·잠실 르엘 … 올해 청약 '똘똘한 한 채'에 집중을,주가 정보
https://www.mk.co.kr/news/realestate/11228191,시장 침체에 ‘얼죽신’도 등 돌렸다…서울 아파트 분양권 ‘마피’ 거래 속출,주가 정보
https://www.mk.co.kr/news/realestate/11226084,“부동산 잔금 계획 다 꼬일 뻔”...법원 등기 시스템에 무슨 일이 [부동산 이기자],주가 정보
https://www.mk.co.kr/news/realestate/11227636,똘똘한 한 채 찾기 어려웠는데…연휴 끝나자마자 이 동네 ‘알짜 매물’ 나온다,주가 정보
https://www.mk.co.kr/news/realestate/11227605,"“배달서비스 안 끊었다가 봉변을”…집 앞에 신문·우유, 연휴 땐 ‘빈집 신호’ [부동산 라운지]",주가 정보
https://www.mk.co.kr/news/realestate/11227454,방배·고양창릉 … 설이후 '알짜분양' 나온다,주가 정보
https://www.mk.co.kr/news/realestate/11227455,[부동산 라운지] 설 연휴 집 비울땐 '배달 서비스' 중단해야,주가 정보
https://www.mk.co.kr/news/realestate/11227139,매물 쌓여가는 강남아파트…‘토허제’ 불붙인 잠실은 버틴다,주가 정보
https://www.mk.co.kr/news/realestate/11227128,"‘나혼산’ 성훈, 역삼동 고급 아파트 26억 원에 매입",주가 정보
https://www.mk.co.kr/news/realestate/11226877,"반포에 ‘평당 2억 시대’ 열렸다…50평대 이 아파트, 거래 가격이 무려",주가 정보
https://www.mk.co.kr/news/realestate/11226731,‘남울산 노르웨이숲’ 입주자 모집공고 승인…내달 1일 견본주택 개관,주가 정보
https://www.mk.co.kr/news/realestate/11226583,"65년 전통의 두산건설, ‘The Zenith’를 통한 지역 랜드마크 건설",주가 정보
https://www.mk.co.kr/news/economy/11226419,"“대출 언제 받는게 낫지?”…주담대금리 5개월만에 첫 하락, 더 떨어질듯",주가 정보
https://www.mk.co.kr/news/realestate/11226233,“주말엔 견본주택 놀러갈까”…집 보러 가기만 해도 선물 쏟아진다는데,주가 정보
https://www.mk.co.kr/news/realestate/11226204,"칸서스자산운용, LPGA 데뷔 윤이나와 2년간 후원 협약",주가 정보
https://www.mk.co.kr/news/realestate/11226201,"“평당 2억 현실 됐네”...집값 주춤한데 반포 신축 106억 신고가, 초양극화 시대로",주가 정보
https://www.mk.co.kr/news/realestate/11226059,“갭투자 곧 풀린다는데”…서울 아파트 주춤해도 나홀로 들썩이는 이 동네,주가 정보
https://www.mk.co.kr/news/realestate/11225975,"“이 좁은 땅에 난방비 차이가 왜 이렇게”…관악구 4368원, 강남구는?",주가 정보
https://www.mk.co.kr/news/realestate/11225765,'뚝' 끊긴 수도권 집들이 … 2월 전월세값 더 뛰나,주가 정보
https://www.mk.co.kr/news/realestate/11225766,"[매부리 라운지] 강남 겨울은 더 춥다? 난방비 관악의 16배, 왜",주가 정보
https://www.mk.co.kr/news/realestate/11225518,"강남은 7만원, 관악은 4천원···아파트 난방비도 양극화",주가 정보
https://www.mk.co.kr/news/realestate/11225484,‘청양 금성백조 예미지 퍼스트클래스’ 24일 견본주택 개관,주가 정보
https://www.mk.co.kr/news/realestate/11225401,e편한세상 동대구역 센텀스퀘어 2월 분양,주가 정보
https://www.mk.co.kr/news/realestate/11225383,송파 문정시영 리모델링…최고 19층 1440가구 변신,주가 정보
https://www.mk.co.kr/news/realestate/11225297,"KB골든라이프케어, 차세대 실버타운 리더 ‘평창 카운티’ 공급",주가 정보
https://www.mk.co.kr/news/realestate/11225234,[부고] 견다희(코오롱글로벌 커뮤니케이션팀 과장)씨 조모상,주가 정보
https://www.mk.co.kr/news/realestate/11225233,2월 수도권 입주물량 전월 대비 ‘절반’ 수준,주가 정보
https://www.mk.co.kr/news/realestate/11225168,"외국인 전세사기 피해자, 긴급주거 지원기간 2년→6년 연장",주가 정보
https://www.mk.co.kr/news/realestate/11224624,"3년만의 세종 신축, 최고 134대1 경쟁률",주가 정보
https://www.mk.co.kr/news/realestate/11224443,민간 사전청약 취소자 713명 모두 구제한다…피해자 ‘당첨지위’ 인정,주가 정보
https://www.mk.co.kr/news/realestate/11224327,빌라도 ‘미리내집’으로 나온다,주가 정보
https://www.mk.co.kr/news/realestate/11224318,민간 사전청약 취소 피해자 구제...후속 단지 ‘우선공급’ 한다,주가 정보
https://www.mk.co.kr/news/realestate/11224282,쌍용건설 두바이 3200억 고급 오피스 빌딩 공사 수주,주가 정보
https://www.mk.co.kr/news/realestate/11224222,"포스코이앤씨, ‘더샵 라비온드’ 전 주택형 1순위 마감…평균 26대 1",주가 정보
https://www.mk.co.kr/news/realestate/11224073,"“골드바 줄게, 제발”…부동산 경기 침체에 ‘지방 미분양’ 쌓인다",주가 정보
https://www.mk.co.kr/news/realestate/11223900,"“쉿, 세금 더 내느니 이렇게 하시죠”…분양권 시장서 되살아난 다운계약 유혹",주가 정보
https://www.mk.co.kr/news/realestate/11223799,"“세종시를 미국 워싱턴DC처럼”…대통령 제2 집무실, 어떻게 만들까",주가 정보
https://www.mk.co.kr/news/realestate/11223651,"“얼죽신 난리더니 무슨 일”…분양권 시장 찬바람, 거래 반토막",주가 정보
https://www.mk.co.kr/news/realestate/11223309,탄핵정국에 새 아파트 공급도 감소…올 상반기 물량 전년 동기比 42% ‘뚝’,주가 정보
https://www.mk.co.kr/news/realestate/11223169,세종에 대통령 제2집무실...2027년까지 마련한다,주가 정보
https://www.mk.co.kr/news/realestate/11223061,"한 아파트 관리비가 한달 700만원?···아파트아이, 2024 관리비 결산 공개",주가 정보
https://www.mk.co.kr/news/realestate/11223000,"부동산플래닛, 실시간 채팅으로 건물주와 자산관리 업체 연결하는 서비스 출시",주가 정보
https://www.mk.co.kr/news/business/11222966,집값 급등에 불만 폭발한 스페인...“영국인 주택 구입 차단”,주가 정보
https://www.mk.co.kr/news/realestate/11222811,"“이 정도 계약금은 있으시죠?”…잘나가는 강남 분양, 요샌 집값의 20%가 기본",주가 정보
https://www.mk.co.kr/news/realestate/11222703,“입주민끼리 사돈 맺어요”…슈퍼리치 울타리 된 강남 아파트 커뮤니티,주가 정보
https://www.mk.co.kr/news/realestate/11222697,“불황일수록 우리에겐 기회”…50억 넘는 아파트 거래 ‘역대 최대’,주가 정보
https://www.mk.co.kr/news/realestate/11222687,이 불황에… 50억 넘는 아파트 거래는 역대최대,주가 정보
https://www.mk.co.kr/news/realestate/11222592,입주민끼리 와인 마시며 소개팅 … '슈퍼리치' 울타리 강남아파트,주가 정보
https://www.mk.co.kr/news/realestate/11222528,"미분양 터널 지났나 … 울산, 내달 신규분양 재개",주가 정보
https://www.mk.co.kr/news/realestate/11222525,"콧대 높은 강남 ""분양계약금 2배 내시오""",주가 정보
https://www.mk.co.kr/news/realestate/11222374,"HUG, 감정평가사협회와 정보교류 업무협약 체결",주가 정보
https://www.mk.co.kr/news/realestate/11222351,“1순위 청약 10만명 아래로”…지방 광역시 분양시장 ‘꽁꽁’,주가 정보
https://www.mk.co.kr/news/realestate/11222249,도시형 생활주택 ‘국평’ 늘어난다...아파트형 85㎡ 허용,주가 정보
https://www.mk.co.kr/news/realestate/11222105,서울시 규제철폐 6호 ‘입체공원’ 강북 미아동에 도입,주가 정보
https://www.mk.co.kr/news/realestate/11221820,‘강북권 재개발 최대어’ 한남 4구역…이 브랜드 아파트로 깔린다,주가 정보
https://www.mk.co.kr/news/economy/11221274,"“잔금 어디서 구하나”…빈집 쌓이는 지방, 미입주 공포에 ‘곡소리’",주가 정보
https://www.mk.co.kr/news/realestate/11221004,서민 내집마련 디딤돌인데…영끌 불똥 맞았다는 ‘이 기금’,주가 정보
https://www.mk.co.kr/news/realestate/11221002,"“그린벨트 풀린 곳, 가격 착한데 입지도 좋네”…가성비 내집마련 기회 어디?",주가 정보
https://www.mk.co.kr/news/realestate/11220935,"“1년 이자만 400만원 더 내래요”…부동산 영끌 나섰던 2030의 절규, 무슨 일",주가 정보
https://www.mk.co.kr/news/realestate/11220889,"“강남 아파트도 못 버티고”…패닉 빠진 영끌족, 줄줄이 경매로",주가 정보
https://www.mk.co.kr/news/realestate/11220704,민간분양 대가뭄 속 단비 뿌려줄 공공분양 3기 신도시만 8천가구,주가 정보
https://www.mk.co.kr/news/realestate/11220555,서초 방배신동아 843가구 탈바꿈…남대문 쪽방촌에 32층 오피스,주가 정보
https://www.mk.co.kr/news/realestate/11220392,‘창경궁 롯데캐슬’ 내일 선착순 동·호수 지정,주가 정보
https://www.mk.co.kr/news/realestate/11220093,“호가 2억씩 낮춰도 안 사요”…강남 초고가 아파트도 못 피한 부동산 한파,주가 정보
https://www.mk.co.kr/news/economy/11220073,"“전·월세난 잡힐까”…장기 임대주택 집주인, 살던 집 팔면 양도세 무제한 면제",주가 정보
https://www.mk.co.kr/news/realestate/11220067,“우리 단지도 외벽 바꾸니까 신축 같네”…진화하는 아파트 재도장 서비스,주가 정보
https://www.mk.co.kr/news/realestate/11219772,김포 풍무역 롯데캐슬 시그니처 분양,주가 정보
https://www.mk.co.kr/news/realestate/11219467,강남 보합에도 반포 원베일리 호가 2억 ‘뚝’,주가 정보
https://www.mk.co.kr/news/realestate/11219470,"삼성물산, 방배6구역 재건축 ‘래미안 원페를라’ 견본주택 17일 개관",주가 정보
https://www.mk.co.kr/news/realestate/11219466,"HMG그룹, 미국 마이애미 고급 주상복합 인수",주가 정보
https://www.mk.co.kr/news/realestate/11219437,대규모 정비사업때 건물 상부에도 공원 조성,주가 정보
https://www.mk.co.kr/news/realestate/11219396,높아지는 무순위 청약 문턱…‘곤지암역 센트럴 아이파크’ 16일 무순위 모집 공고,주가 정보
https://www.mk.co.kr/news/realestate/11219363,초등학교 거리 따라 ‘집값’ 달라진다…평생 학세권 ‘인하대역 푸르지오 에듀포레’ 분양 중,주가 정보
https://www.mk.co.kr/news/realestate/11219384,올 1분기 지방광역시 분양 물량은?,주가 정보
https://www.mk.co.kr/news/realestate/11219269,"“서울 아파트 분양가 드디어 꺾였다해서 봤더니”…평당 4400만원, 전월비 6.6%↓",주가 정보
https://www.mk.co.kr/news/realestate/11218667,"‘양주 덕정역 에피트’ 2월 분양…인구증가율 전국 1위 양주, 경기 북부 거점 도시로 부각",주가 정보
https://www.mk.co.kr/news/realestate/11219137,“하자 없게 지으면 될 일을”…신축 아파트 ‘사전점검 업체’ 출입금지에 시끌시끌,주가 정보
https://www.mk.co.kr/news/realestate/11218817,"내집 마련 더 어려워졌는데…‘주인 없는 새집’ 왜 이렇게 많나, 속사정 알아보니",주가 정보
https://www.mk.co.kr/news/realestate/11218519,울산 최고 명문학군 누린다…‘문수로 센트레빌 에듀리체’에 기대감 솔솔,주가 정보
https://www.mk.co.kr/news/realestate/11218375,이달 주목할 로또청약 분양가상한제 단지는?,주가 정보
https://www.mk.co.kr/news/realestate/11218328,서울 알짜 입지 선점의 마지막 기회 ‘마포 에피트 어바닉’ 오는 16일(목) 임의공급 청약접수 실시,주가 정보
https://www.mk.co.kr/news/realestate/11218279,"매해 8.5% 상승, 수도권 아파트 ‘안전자산’ 입증 대출 부담 덜한 내 집 마련 막차 단지 어디?",주가 정보
https://www.mk.co.kr/news/realestate/11218313,매물 개수·지역 제한 없는 아파트 정보 뜬다,주가 정보
https://www.mk.co.kr/news/business/11218269,‘쿵쿵’발망치 소리도 줄여준다… LX하우시스 층간소음 저감 바닥구조 개발,주가 정보
https://www.mk.co.kr/news/realestate/11218245,“6억 로또 기대”…송파 아파트 단 1가구 모집에 8400명 우르르 몰렸다,주가 정보
https://www.mk.co.kr/news/realestate/11218162,제도 바뀌기 전 3억대 시세차익…‘수도권 줍줍’ 나왔다,주가 정보
https://www.mk.co.kr/news/realestate/11217063,"“얼마나 고급스럽게 지으려고”…재건축 공사비, 3.3㎡당 천만원 눈앞",주가 정보
https://www.mk.co.kr/news/realestate/11217060,“지방은 곳곳이 유령아파트”…정부 ‘준공후 미분양’ 주택 사들인다,주가 정보
https://www.mk.co.kr/news/realestate/11216596,“7인 가구에 무주택 15년 이상”…새해 첫 만점통장 ‘이곳’서 나왔다,주가 정보
https://www.mk.co.kr/news/realestate/11216300,분양가 80%까지 2% 금리로 대출...2월부터 ‘이 통장’ 있으면 해준다는데 [부동산 이기자],주가 정보
https://www.mk.co.kr/news/economy/11216553,"“주담대 등 가계대출 문턱 낮아진다”…신한銀, 내일부터 가산금리 0.3%p↓",주가 정보
https://www.mk.co.kr/news/realestate/11216524,"롯데건설, 3522억원 규모 신용산역북측 재개발 수주",주가 정보
https://www.mk.co.kr/news/economy/11216522,"“아직 잡힌 물량 없어요”…올해 아파트 공급, 2000년 이래 최저",주가 정보
https://www.mk.co.kr/news/realestate/11216471,"대한토지신탁, ‘용현 우방 아이유쉘 센트럴마린’ 1월 분양",주가 정보
https://www.mk.co.kr/news/realestate/11216313,GTX-A로 22분 파주 운정~서울역···호재 아파트는 어디?,주가 정보
https://www.mk.co.kr/news/realestate/11216306,“숭의역 역세권 개발호재” 용현 우방 아이유쉘 센트럴마린,주가 정보
https://www.mk.co.kr/news/realestate/11216303,강남권 재건축 공사비 3.3㎡당 1000만원 시대,주가 정보
https://www.mk.co.kr/news/realestate/11216215,“15억 아파트가 9억에”…송파 거여동서 무순위 청약 1가구 나온다,주가 정보
https://www.mk.co.kr/news/realestate/11216113,요즘 강남 갓물주는 70~80년대생…2000년대생도 5명이나 ‘빌딩 금수저’,주가 정보
https://www.mk.co.kr/news/realestate/11216070,“아파트만 똘똘한 한 채 외치란 법 있나”…꼬마빌딩도 거래 몰렸다는 여기,주가 정보
https://www.mk.co.kr/news/realestate/11215618,“아파트 계약하면 골드바·샤넬백 드릴게요”…미분양 우려에 마케팅 총력,주가 정보
https://www.mk.co.kr/news/realestate/11215349,“선착순으로 골드바 10돈 주고 자동차 경품도”…눈물의 미분양 터는 곳 어디?,주가 정보
https://www.mk.co.kr/news/realestate/11215292,“난 여기 오면 눈물 난다”…압구정 현대아파트 사려다 김숙에게 생긴 일,주가 정보
https://www.mk.co.kr/news/realestate/11214815,삼성물산 “한남4구역에 프리미엄 주거 기술 총동원”,주가 정보
https://www.mk.co.kr/news/realestate/11214759,특화 설계로 공간 효율성 높인다…‘세종 5-1 L12BL 양우내안애 아스펜’ 오늘 견본주택 오픈,주가 정보
https://www.mk.co.kr/news/realestate/11214765,상봉 ‘더샵 퍼스트월드 서울’ 단지 내 상업시설 통합브랜딩 눈길,주가 정보
https://www.mk.co.kr/news/realestate/11214543,불황에도 ‘초고층 랜드마크’ 존재감…평택 더 플래티넘 스카이헤론 관심,주가 정보
https://www.mk.co.kr/news/realestate/11214526,“부산 분양가도 미쳤다”…평당 1000만원 돌파 9년 만에 2356만원,주가 정보
https://www.mk.co.kr/news/realestate/11214442,"삼성물산, 방배6구역 주택재 ‘래미안 원페를라’ 이달 공급",주가 정보
https://www.mk.co.kr/news/realestate/11214352,“자고나면 1억씩 빠진다”…거래절벽에 그나마 버티던 대치·도곡까지 ‘뚝뚝’,주가 정보
https://www.mk.co.kr/news/realestate/11214007,세종시에 3년만에 신규분양 양우내안애 아스펜 698가구,주가 정보
https://www.mk.co.kr/news/realestate/11213948,‘로또청약’ 대란 올해는 없다?…분상제 ‘강남3구’ 신규 분양 60%↓,주가 정보
https://www.mk.co.kr/news/realestate/11213633,올해 서울서 29개 단지 2.2만 가구 공급…관심 지역은 어디?,주가 정보
https://www.mk.co.kr/news/realestate/11213632,“계약 안 할래요” 청약 1순위 없어져도 포기하는 이유가,주가 정보
https://www.mk.co.kr/news/realestate/11213630,신혼부부 위한 ‘로또전세’...1만 5091명 몰렸다,주가 정보
https://www.mk.co.kr/news/realestate/11213616,지방 주택시장 불황에도 이곳은 달랐다...작년 지방 청약 경쟁률 선도지는?,주가 정보
https://www.mk.co.kr/news/realestate/11213610,"포스코이앤씨, 전북 최대 규모 ‘더샵 라비온드’ 10일 견본주택 개관",주가 정보
https://www.mk.co.kr/news/realestate/11213548,어두워지는 분양시장...이달 분양전망지수 또 떨어져,주가 정보
https://www.mk.co.kr/news/realestate/11213485,“아파트 월세 더 내려야 되나”…수요자들 전부 ‘여기’ 몰렸다,주가 정보
https://www.mk.co.kr/news/realestate/11213020,서울 분양가 3.3㎡당 6600만원,주가 정보
https://www.mk.co.kr/news/realestate/11212849,1년 새 2억원 오른 수도권 국민평형 분양가에 기분양 단지 선점 발길 분주,주가 정보
https://www.mk.co.kr/news/realestate/11212808,W세대 대상 고급 임대형 실버타운 ‘위례 심포니아’ 공급,주가 정보
https://www.mk.co.kr/news/realestate/11212714,“전국민 로또라더니 역시”...작년 부동산 검색 1위 차지한 이 아파트 단지,주가 정보
https://www.mk.co.kr/news/realestate/11212689,"웰스톤자산관리, 세제 혜택 기대 ‘서천역 THE 데라스 프라이빗 43’ 공급",주가 정보
https://www.mk.co.kr/news/realestate/11212586,"HS화성, 경기 안양 정비사업 2곳 수주",주가 정보
https://www.mk.co.kr/news/realestate/11212544,"“4년새 2배 뛰었네”…서울 아파트 평균 분양가, 1㎡당 2000만원 육박",주가 정보
https://www.mk.co.kr/news/realestate/11212474,"“통장 1만4632개 몰려”…삼성물산, 래미안 송도역 센트리폴 1·2블록‘ 8·9일 당첨자 발표",주가 정보
https://www.mk.co.kr/news/realestate/11212391,“가격보니 그저 한숨만 푹푹”…서울 아파트 ㎡당 2000만원 육박,주가 정보
https://www.mk.co.kr/news/realestate/11211898,중소건설사 잇단 법정관리...‘분양보증사고’ 2년 연속 1조 넘었다,주가 정보
https://www.mk.co.kr/news/realestate/11211511,1순위 평균 22.34대 1...지난해 지방 청약률 이끈 이곳,주가 정보
https://www.mk.co.kr/news/realestate/11210986,서울원아이파크 558가구 무순위청약,주가 정보
https://www.mk.co.kr/news/realestate/11210985,방배 원페를라도 '완판' 갈까 이달 전국 1만3000가구 분양,주가 정보
https://www.mk.co.kr/news/realestate/11210752,이달 전국서 1만3000가구 분양…서울은 ‘원페를라’ 포함 1097가구,주가 정보
https://www.mk.co.kr/news/realestate/11210598,"1월 분양 물량 작년 1월과 비교해보니…11% 감소, 경기침체에 그나마도",주가 정보
https://www.mk.co.kr/news/realestate/11210489,"“당첨만 되자, 앉아서 7억 번다?”…새해 ‘로또 청약’ 어디길래",주가 정보
https://www.mk.co.kr/news/realestate/11210487,1년반 만에 주상복합 공사 삽 다시 뜨는 인천 이곳,주가 정보
https://www.mk.co.kr/news/realestate/11210460,“길 하나 건너면 1억 이상 비싸”...같은 동네서도 집값 차이나는 이유는,주가 정보
https://www.mk.co.kr/news/realestate/11210235,“세금 아끼려면 미리 물려주자”…연말 초고가 아파트 증여 급증한 이유,주가 정보
https://www.mk.co.kr/news/realestate/11210226,“아파트 분양가 오를 일만 남았다”…올해 더 강화된다는 층간소음·에너지 규제,주가 정보
https://www.mk.co.kr/news/realestate/11209720,“강산이 벌써 두 번 변했다”...20년째 재건축 대어 ‘이 아파트’ 이번엔 진짜 올리나,주가 정보
https://www.mk.co.kr/news/realestate/11209105,“저희는 황금마차 띄웁니다”…‘이 동네’ 재개발에 시공사들 사활 걸었다는데,주가 정보
https://www.mk.co.kr/news/realestate/11208983,"디케이테크노PFV, ‘청주테크노폴리스 하트리움 더 메트로’ 1순위 청약마감…평균 46.2대 1",주가 정보
https://www.mk.co.kr/news/realestate/11208867,을사년 새해 매머드급 단지 14곳 나온다,주가 정보
https://www.mk.co.kr/news/realestate/11208656,"꺼져가는 부동산 경기 살리기...양도세 중과 예외 ‘1년 더’, 종부세 특례 대상은?",주가 정보
https://www.mk.co.kr/news/realestate/11208204,올해도 다주택자 양도세 중과 유예…종부세 1주택자 특례도 확대,주가 정보
https://www.mk.co.kr/news/realestate/11208111,"초기 자금부담 줄였다…대우건설, ‘블랑 써밋 74’ 한정 세대 조건변경",주가 정보
https://www.mk.co.kr/news/realestate/11208056,"“최대 4천만원 혜택 지원”…동문건설, ‘원주 동문 디 이스트’ 공급",주가 정보
https://www.mk.co.kr/news/realestate/11208053,"동문건설, 초기 자금 부담 적은 아파트 ‘평택 화양 동문 디 이스트’ 공급",주가 정보
https://www.mk.co.kr/news/realestate/11208008,"“서울 아파트마저 줄줄이”···9년만에 경매 건수 최다, 올핸 더 많다는데",주가 정보
https://www.mk.co.kr/news/realestate/11207878,"대출 규제·정국 불확실성 때문에…“집값 상반기 약세, 전세는 상승할 듯”",주가 정보
https://www.mk.co.kr/news/realestate/11207021,"초고가 주택시장 꾸준한 열기, 서울 100억원 이상 아파트 거래 2023년 대비 4배 늘어",주가 정보
https://www.mk.co.kr/news/realestate/11207721,새해 공공주택 1만6천 가구 풀린다는데…젊은부부들 노려볼 만한 곳은,주가 정보
https://www.mk.co.kr/news/realestate/11207520,“작년 20%나 급등했는데 또 오른다고?”…새해 아파트 분양가 상승 전망 이유는,주가 정보
https://www.mk.co.kr/news/realestate/11207471,"[단독] HUG, 친환경 주택 지으면 보증료 깎아준다",주가 정보
https://www.mk.co.kr/news/realestate/11207470,‘래미안 송도역 센트리폴 1·2블록’ 1순위 완판,주가 정보
https://www.mk.co.kr/news/realestate/11207404,“서울 전셋값 좀 내리려나”…1만 가구 입주 물량 쏟아진다는 이 동네,주가 정보
https://www.mk.co.kr/news/economy/11207079,“지금 샀다간 폭망?”…아파트 전세가율 44개월만에 최고 찍었다,주가 정보
https://www.mk.co.kr/news/realestate/11206976,1월 전국 1만여 가구 공급…서초 ‘래미안 원페를라’ 등 주목,주가 정보
https://www.mk.co.kr/news/realestate/11206960,서울 아파트 매매 4000건 아래로 ‘뚝’,주가 정보
https://www.mk.co.kr/news/realestate/11206936,"삼성물산, ‘래미안 송도역 센트리폴 1·2블록’ 특공에 청약통장 3014개 몰려",주가 정보
https://www.mk.co.kr/news/realestate/11206897,“청약 양극화 이정도라니”...올 분양물량 절반은 1순위서 마감 못해,주가 정보
https://www.mk.co.kr/news/economy/11206825,"“얼죽신하더니, 불 꺼진 집 왜 이리 많아”…서울 아파트 거래 4개월째 감소",주가 정보
https://www.mk.co.kr/news/realestate/11206668,“2년뒤 마피 붙으면 어떡해요”…강북 아파트 미계약 속출한다는데,주가 정보
https://www.mk.co.kr/news/realestate/11206174,“부동산 한파에도 여긴 펄펄 끓네”···신고가 속출하는 동네 어디 [부동산 이기자],주가 정보
https://www.mk.co.kr/news/realestate/11206212,“중랑천 스카이라인 확 바뀌겠네”...면목동에 35층 수변친화 아파트,주가 정보
https://www.mk.co.kr/news/realestate/11206219,‘준서울’ 광명시흥에 6.7만호 2029년 첫 분양,주가 정보
https://www.mk.co.kr/news/realestate/11206210,목동 KT 땅에 초고층 주상복합 뜬다,주가 정보
https://www.mk.co.kr/news/premium/11202160,인터폰 없던 옛날 아파트 현관문 눈구멍…근데 그거 뭐지? [그거사전],주가 정보
https://www.mk.co.kr/news/realestate/11205293,"대우건설, ‘검단신도시 푸르지오 더 파크’ 30일 청약홈 무순위 청약 진행",주가 정보
https://www.mk.co.kr/news/realestate/11205817,래미안 송도역 센트리폴 등 관심,주가 정보
https://www.mk.co.kr/news/realestate/11205535,“불패신화도 원화값 급락땐 달랐다”···부동산 침체 ‘암흑기’ 올까,주가 정보
https://www.mk.co.kr/news/realestate/11204865,“요즘 새아파트는 이게 대세”...집값 1억 이상 더 붙는다는 발코니 설계 뭐길래,주가 정보
https://www.mk.co.kr/news/realestate/11204674,‘서울 최초 이케아 입점’…강동 아이파크 더 리버 내년 4월 개장,주가 정보
https://www.mk.co.kr/news/realestate/11204673,“여기 물나이트 유명했는데”...47층 강남 랜드마크로 재탄생하는 이 호텔,주가 정보
https://www.mk.co.kr/news/realestate/11204503,“우리는 애들 공부 신경 안 써”…최고 부자동네는 ‘이걸’로 판가름난다,주가 정보
https://www.mk.co.kr/news/realestate/11204337,63억원 반포 아파트 정도는 현금으로…1999년생 슈퍼 리치 등장에 ‘술렁’,주가 정보
https://www.mk.co.kr/news/realestate/11204323,‘찐부자’ 가장 많이 사는 지방 아파트는...대구 위브더제니스 연봉 2.6억,주가 정보
https://www.mk.co.kr/news/realestate/11204318,"“1년 뒤면 삽 뜬다고?”…반도체 호재 빨라진 이곳, 1만6천가구 몰린다",주가 정보
https://www.mk.co.kr/news/realestate/11204304,“우리가 강남 3구보다 잘 버는데”…대한민국 부촌 판도 바꾸는 ‘이곳’,주가 정보
https://www.mk.co.kr/news/realestate/11204257,“나 나인원한남 사는 사람이야”…연 24억 벌고 월 2천만원 카드 긁는다,주가 정보
https://www.mk.co.kr/news/realestate/11204208,‘천안 두정역 양우내안애 퍼스트로’ 27일 견본주택 개관,주가 정보
https://www.mk.co.kr/news/realestate/11203766,"HMG 그룹, 미국 뉴저지 초고층 주상복합 개발사업 진출",주가 정보
https://www.mk.co.kr/news/realestate/11203710,尹정부 공공분양 9만호 약속 쏟아냈는데···결과는?,주가 정보
https://www.mk.co.kr/news/realestate/11203660,“올해 됐어야 했는데” 내년 분양 절벽…서울 대규모 정비사업 ‘이곳’뿐,주가 정보
https://www.mk.co.kr/news/realestate/11203391,"“부동산 다 식었는데 여긴 활활”…잠실5단지 모든 평형 신고가, 이유는",주가 정보
https://www.mk.co.kr/news/realestate/11203377,"“내집마련 접어야할 판”…꽁꽁 언 분양시장, 내년 물량 25년 만에 최소",주가 정보
https://www.mk.co.kr/news/realestate/11203316,"“그 단지 완판된 거 아니었어?”…서울서도 쏟아지는 미계약 물량, 어디",주가 정보
