URL,content
https://www.joongang.co.kr/article/25342127,"조기 대선과 함께 급등했던 세종시 아파트값이 다시 관망세로 돌아섰다. 대통령실 세종 이전에 대한 기대감으로 4월 이후 집값이 급등했지만, 이재명 대통령이 청와대 보수 후 복귀하겠다는 입장을 밝히자 시장 분위기가 빠르게 식고 있다.8일 한국부동산원에 따르면 6월 첫째 주(2일 기준) 세종 아파트값은 0.07% 상승했다. 전주(0.10%)보다 상승 폭이 줄었고, 4월 넷째 주(0.49%)와 비교하면 7분의 1 수준으로 둔화했다. 4월 둘째 주(0.04%)부터 오름세는 이어지고 있지만, 5월 말 이후 상승률이 눈에 띄게 줄었다.거래량도 주춤하다. 국토교통부 실거래가 공개시스템을 보면 세종 아파트 거래량은 지난 2월 345건, 3월 737건, 4월 1327건으로 가파르게 증가했으나 5월에는 475건에 그쳤다. 실거래 신고 기간이 남아있음을 고려해도 4월 수준을 회복하긴 쉽지 않다. 매물도 쌓이고 있다. 부동산 플랫폼 아실이 집계한 세종시 아파트 매물은 6일 기준 8886건으로 한 달 전(8461건)보다 5% 늘었다.일부 단지에서는 호가도 조정되고 있다. 나성동 나릿재마을2단지 전용면적 84㎡ 고층 매물은 지난 4일 10억2000만원에 나왔다. 지난 4월 28일 이 아파트 동일 면적(47층)이 12억8000만원에 거래됐다. 반곡동 수루배마을1단지 전용면적 96㎡(14층)는 4월 초 9억8000만원에 팔렸으나, 최근 같은 면적 매물 호가는 8억2000만원까지 떨어졌다.윤지해 부동산R114 리서치팀장은 “행정수도 이전 기대감은 이미 대선 전 가격에 선반영돼 있어, 구체적인 로드맵이 나오기 전까지는 현 수준을 유지할 것”이라며 “과거에도 급등락한 전례가 있기 때문에 섣불리 투자에 나서는 것은 주의해야 한다”고 말했다.이현 기자 lee.hyun@joongang.co.kr"
https://www.joongang.co.kr/article/25341103,"중견 건설사 도산·폐업이 잇따르는 가운데 아파트 분양보증 사고가 또 발생했다. 3일 주택도시보증공사(HUG)에 따르면 지난달 20일 강원 강릉 ‘영무예다음 어반포레’와 경기 양주 ‘용암 영무예다음 더퍼스트’ 현장이 보증사고 처리됐다. HUG에 보증보험을 가입한 시행사가 부도나 법정관리 등으로 분양계약을 이행하지 못할 경우, HUG는 해당 사업장을 ‘보증사고 처리’하고 수분양자에게 계약금과 중도금을 대신 환급한다.이는 각각 올들어 2번째·3번째 보증 사고다. 두 단지는 지난 1월 1·2순위 청약 경쟁률이 각각 0.16대 1, 0.09대 1로 미분양이 발생했다. 시행사인 영무토건은 미분양 여파로 지난달 법정관리를 신청했다.분양·임대 보증사고는 건설 경기가 위축되기 시작한 2023년 이후 급증했다. 지난달까지 2년 5개월간 총 37건, 사고 금액은 2조4000억원을 넘어섰다. 3일 HUG가 국회 국토교통위 소속 엄태영 국민의힘 의원에게 제출한 자료 등에 따르면 지난 2020년부터 이후 보증 사고가 난 45개 사업장 중 공사가 재개됐거나(분양이행·계속사업) 매각 완료된 곳은 16곳뿐이다. 나머지 29곳은 공사 중단된 상태로 방치돼 있다.특히 드물었던 임대아파트 사업장 사고도 2023년 3건, 2024년 6건 발생했다. 보통 사업성이 낮아 분양에 실패한 단지를 ‘울며 겨자 먹기’로 임대로 전환하는 경우가 많은데, 그마저도 좌초된 경우가 늘고 있다는 의미다.정근영 디자이너시행사 부도·회생신청 등으로 공사가 멈추면 HUG는 계약자들에게 계약금·중도금을 환급한 뒤 사업장을 매각해 손실을 회수한다. 사업 정상화가 가능하다고 볼 경우 대체 시공사를 선정해 공사를 이어가기도 한다. 하지만 건설 경기 침체로 매수자를 찾기도 쉽지 않은 상황이다. HUG는 지난해 6월과 9월 두 차례 매각 설명회를 열었는데, 14년 만에 처음으로 본사 주관으로 열린 매각설명회였다. 다음달 초에도 ‘환급사업장 매각설명회’를 개최할 예정이다. 사고는 늘고, 사겠다고 나서는 곳도 적다 보니 10개월 만에 설명회를 또 열게 됐다.전세사기 여파로 HUG는 2022년부터 3년 연속 적자를 기록했다. 3년간 누적 순손실은 6조7883억원에 달한다. 여기에 분양보증 사고까지 급증하면서 HUG의 재무건전성은 더욱 악화하고 있다.지방 미분양과 건설 경기 침체로 연말까지 사고가 더 늘어날 수 있다는 우려가 나온다.  특히 매각에 실패한 사업장은 공사 중단 상태로 방치된다. 시간이 지날수록 사업성이 떨어져 매각이 더 어려워진다. 2020년 공사가 중단된 전북 군산 ‘수페리체 임대아파트(492세대)’와 제주 ‘레이크샤이어공동주택(38세대)’는 아직도 공매가 진행 중이다.‘도심 속 흉물’로 전락한 사례도 있다. 인천 효성동 ‘다소미 아파트’는 2003년 착공했지만 분양 사기와 시공사 부도 등으로 사업이 중단돼 20년 넘게 방치 중이다. 충북 제천 ‘광진아파트’는 2005년 공사 중단 이후 20년째 방치되다, 지난 4월에야 제천시가 소유권을 확보하고 철거 절차에 들어갔다.이창무 한양대 도시공학과 교수는 “건설원가는 계속 오르는 반면, 인구 감소로 수요는 감소하고 개발 이익이 줄어 미분양이나 공사 중단에 이르는 현장이 늘고 있다”며 “장기간 방치된 공사 현장은 외관 문제를 넘어 범죄나 안전사고로 이어질 수 있어, 심각한 경우 지자체가 강제 철거를 검토할 필요가 있다”고 지적했다.이현 기자 lee.hyun@joongang.co.kr"
https://www.joongang.co.kr/article/25343459,"서울 아파트 가격이 19주 연속 오르며 상승 폭을 키우고 있다. 12일 한국부동산원이 발표한 6월 둘째 주(9일 기준) 전국 주간 아파트 가격 동향에 따르면, 서울 아파트 매매가격은 전주보다 0.26% 올랐다. 올해 들어 상승 폭이 가장 클 뿐 아니라, ‘불장’이었던 지난해 8월 넷째 주(0.26%)와 같은 수준이다. 이는 이재명 대통령 취임 이후 첫 아파트 가격 동향 조사다.김주원 기자지역별로 보면 송파(0.71%)·강남(0.51%)·강동(0.5%)·성동(0.47%)에서 상승률이 높았다. 경기도에서는 ‘준강남’으로 불리는 성남시 분당구(0.39%)와 과천시(0.35%)가 많이 올랐다.집값이 덜 올랐던 비강남권을 중심으로 거래가 늘며 가격 차를 좁히는 ‘갭 메우기’ 장세도 나타나고 있다. 국토교통부 실거래시스템에 따르면, 이달 1~10일 열흘간 서울 아파트 매매 567건 중 노원(49건)·동대문(39건)·성북(38건)·성동(36건) 등에 거래량이 집중됐다. 전체 거래 중 강남 3구와 용산구가 차지하는 비중은 올해 1~4월 9%에서 5월 4.2%, 6월 4.4%로 감소 추세다.김주원 기자문제는 구조적으로 부동산 상승 압박이 커지고 있다는 점이다. 한국부동산원·부동산R114 공동 조사에 따르면, 서울의 공동주택 공급량은 올해 4만6710가구, 내년 2만4462가구로 47.6% 감소할 전망이다. 2~3년 후 공급 물량을 가늠할 수 있는 착공 실적도 부진하다. 올 들어 4월까지 서울 착공은 8357가구로 지난해 같은 기간보다 21.2% 감소했다.일부 부동산 커뮤니티에는 “2021년도처럼 ‘벼락거지’가 될 것 같아 불안하다” “더 오르기 전에 사야 한다” 등의 글이 올라오는 등 이른바 ‘패닉바잉’ 분위기도 감지된다. 부동산 상승세에 신중론을 견지해 오던 채상욱 커넥티드그라운드 대표가 전날 “하반기 부동산은 서울을 넘어 수도권까지 강세장이 올 것”이라고 입장을 바꾼 것도 화제가 됐다. 그는 “문재인2가 안 되려고 부동산을 회피하니까 시장이 얕잡아 보고 새 정부도 우롱하는 중인데, 공약집엔 공급 수량도 없고 수요 대책도 없다”며 “무언가 예상치 않은 강력한 수요 억제가 나오지 않는 한 강세가 나타날 것”이라고 덧붙였다.여기에 다음 달 스트레스 DSR(총부채원리금상환비율) 3단계 규제를 앞두고 있어 이달 중 ‘대출 막차’를 타기 위한 부동산 매수세가 더 몰릴 가능성이 있다는 점도 불안감을 키운다. 김규정 한국투자증권 부동산전문위원은 “다음 달이면 상승세는 일시적으로 누를 수 있지만, 수요자의 불안이 커서 효과는 일시적일 것”이라며 “확실한 공급 대책 등 시장을 안심시킬 수 있는 구체적인 정책 시그널이 필요하다”고 말했다. 김인만 김인만부동산경제연구소 대표도 “공급 대책에 대한 신뢰는 없고, 세금 규제는 없다는 대선 공약에 금리 인하 전망까지 더해지니 집값 상승을 점칠 수밖에 없다”며 “정책을 준비하고 있다는 신호를 빨리 줘야 한다”고 주문했다.시장 혼란이 커지자 정부는 12일 ‘부동산 시장 점검 TF’를 소집하고 “투기·시장교란 행위나 심리 불안으로 인한 가수요가 시장 안정을 저해하지 않도록 가용 정책수단을 총망라하겠다”고 밝혔다. 익명을 요구한 정부 관계자는 “최근 대통령실에서 (부동산 상승세와 관련해) 회의를 했고, 실무적으로 준비 중인 단계”라며 “다만 부동산 공급, 대출 규제 등을 포괄하는 방안을 마련해야 하기에 발표까진 시간이 걸릴 것”이라고 귀띔했다.이현 기자 lee.hyun@joongang.co.kr"
https://www.joongang.co.kr/article/25343782,"세종시의 한 부동산중개업소 매물판. 다시 매물이 늘고 있다. 황정일 기자“지금은 분위기가 좀… (대통령) 선거 끝나고 나니 금방 식어버리네요.” 세종시에서 부동산중개업소를 운영하는 김모(53) 사장의 목소리엔 아쉬움이 가득했다. 대통령실의 세종시 완전 이전을 공약했던 이재명 대통령이 대선 기간 내내 지지율 1위를 달리면서 기대감이 컸던 탓이다. 하지만 10일, 정부는 용산 대통령실을 청와대로 이전하기 위한 이사비용 259억원을 확보했다고 밝혔다. 김 사장은 “당장 오지는 못할 거라고 예상은 했다”면서도 “큰돈을 들여 다시 청와대로 가는데 (세종시로) 오겠느냐”고 말했다.이날 찾은 세종시 주택시장은 풀 죽은 모습이었다. 대통령실 완전 이전 기대감에 달아오르던 열기는 온데간데없었다. 외지인의 발길이 이어지던 부동산중개업소도 한산했다. 첫마을(한솔동)의 A부동산중개업소 관계자는 “대통령실은 고사하고 (세종시에 있는) 해수부를 부산으로 보낸다니, 다시 한겨울이 올까 무섭다”고 전했다. 이 대통령은 5일 취임 후 처음 주재한 국무회의에서 해양수산부 부산 이전을 빠르게 준비하라고 지시했다.대선 내내 뜨거웠던 세종시 주택시장이 식고 있다. 세종시 아파트값은 윤석열 전 대통령에 대한 헌재의 탄핵 심판 선고가 임박하면서 들썩이기 시작했다. 세종시를 만든 진보정권이 재등장할 것이라는 기대감에서다. 그러다 4월 17일 당시 더불어민주당의 유력 대선 후보였던 이재명 대통령이 페이스북을 통해 대통령실·국회 세종시 완전 이전 공약을 내놓으면서 정점을 찍었다. 국토교통부와 부동산 빅데이터 업체인 아실 등에 따르면 월 300건 정도에 그치던 세종시 아파트 계약 건수는 3월 800건으로 급등한 뒤, 4월에는 평월의 5배에 이르는 1400건을 넘겼다.그래픽=이윤채 기자 lee.yoonchae@joongang.co.kr가격도 올랐지만 이재명 정부가 청와대로 이전을 추진하면서 다시 매물이 쌓이고 있다. 11일 기준 세종시 매물 수는 6902건으로 한 달 전인 5월 11일(6270건)에 비해 10% 증가했다(아실). 증가율만 보면 전국 1위다. 호가(부르는 값)는 이미 상승세를 멈췄다. 나릿재마을(나성동) 2단지 84㎡(고층)는 최근 호가를 3000만원 내린 10억2000만원에 나왔다. 한국부동산원의 주간 아파트값 동향에서는 마치 호재에 따라 급등락을 반복하는 증권시장의 ‘테마주’와 같은 양상을 보인다.테마주 같은 세종시의 집값 움직임은 이번이 처음은 아니다. 2020년 행정수도 이전 논의 때도 아파트값이 급등했다가 단기간에 급락했다. 세종시 아파트값은 2020년에만 42.37%(주간 조사 누적치) 상승했는데, 이전이 무산되면서 2022년에만 16.74% 내린 바 있다. 지금도 상가 대부분이 비어 있는 등 부동산시장 전반이 위축된 상태다. 권대중 서강대 부동산학과 교수는 “세종시에는 산업 등 다른 기반이 없기 때문에 정부·공공기관이 가지 않으면 주택·상가 수요를 유지하기 어려운 지역”이라고 말했다.2025.06.16 05:502025.06.16 05:002025.06.16 00:34올해 3월 기준 세종시 인구는 39만2000여 명으로, 애초 노무현 정부가 제시했던 80만 명의 절반 수준에 그친다. 시 출범 초기에는 연간 3만 명씩 늘었지만 현재는 정체 상태다. 특히 일자리 부족으로 20~30대 청년세대는 2022년을 기점으로 감소세다. 대통령실 청와대 이전으로 풀이 죽긴 했지만, 지역민 사이에서는 행정수도 완성 기대감은 여전하다. 10일 나성동에서 만난 주부 김선화(49)씨는 “정권이 바뀌었고 세종시를 처음 기획하고 만든 민주당이 국회 과반이 넘기 때문에 행정수도 완성 약속도 지켜질 것”이라고 희망했다.민주당에서는 2004년 위헌 결정을 받았던 ‘행정수도 특별법’을 다시 준비 중이다. 특별법을 제정해야 정권이 바뀌더라도 행정수도 완성 공약을 이어갈 수 있기 때문이다. 강준현 민주당 의원(세종을)은 본지와의 통화에서 “(행정수도 완성은) 대통령 공약으로 국회 세종의사당 완전 이전과 대통령실 건립을 담은 행정수도 특별법이 준비돼 있다”며 “다음 주 열리는 당 원내지도부 선거가 끝나면 지도부, 정책위의장과 상의해 발의할 예정”이라고 말했다.◆서울 집값 상승, 김용범 실장 점검회의=한편, 서울에서는 강남3구(강남·서초·송파구)와 마용성(마포·용산·성동구) 등 핵심 지역 위주로 움직이던 매수세가 최근 노도강(노원·도봉·강북구)과 금관구(금천·관악·구로구) 등 서울 외곽지역까지 확산하고 있다. 한국부동산원에 따르면 6월 둘째 주(9일 기준) 서울의 아파트 매매가격은 전주 대비 0.26% 올랐다. 7월 대출 규제 강화 시행 전에 내 집 마련에 나서려는 실수요자가 늘어난 데다 새 정부 출범에 따른 기대감과 우려 등 심리적 요인이 복합적으로 작용하고 있다는 분석이다. 박원갑 KB국민은행 부동산수석전문위원은 “새 정부 출범으로 시장 불확실성이 해소되고 향후 부동산 정책에 대한 기대감이 작용하는 것 같다”고 분석했다.정부는 시장 점검에 나섰다. 이재명 정부의 정책 컨트롤타워인 김용범 대통령실 정책실장은 13일 국토교통부 등 관계 부처와 부동산 시장을 점검하는 회의를 열었다. 정부는 “가수요 등이 시장 안정을 저해하지 않도록 각 부처의 가용한 정책 수단을 총망라해서 검토하고 실수요자 보호 등을 위해 총력을 다하겠다”고 강조했다.세종=황정일 기자 obidius@joongang.co.kr"
https://www.joongang.co.kr/article/25344108,"서울 시내 아파트의 모습. 뉴스1서울 부동산 시장이 뜨겁게 달아오르고 있다. ‘지금 아니면 늦다’는 불안 심리가 확산하며 ‘패닉 바잉’ 조짐도 나타난다. 이재명 정부의 부동산 정책이 첫 시험대에 올랐다는 진단이 나온다.정근영 디자이너16일 한국부동산원에 따르면 5월 서울 아파트값은 전달 대비 0.54% 올랐다. 지난 3월(0.8%)에는 못 미쳤지만, 전달(0.33%)보다 상승 폭이 확대됐다. 서울 25개 자치구 모두 전월보다 상승했다. 6월 들어선 상승 폭이 더 커지고 있다. 이달 둘째 주까지 누적 상승률은 0.45%다.거래량도 폭발하고 있다. 서울부동산정보광장에 따르면, 이날 기준 서울 아파트 거래량은 7010건을 기록했다. 보름가량 남은 실거래 신고 기한을 고려하면 9000건 돌파가 유력하다. 7월 시행 예정인 3단계 스트레스 총부채원리금상환비율(DSR) ‘막차 수요’를 고려하면 1만 건에 육박할 가능성도 있다.정근영 디자이너오르던 곳이 더 오르며 서울 내 집값 격차는 더 벌어졌다. 아파트를 포함한 5월 주택매매지수를 보면, 서초구는 전달 대비 0.95% 오르며 가장 높은 상승률을 기록했다. 다음은 송파구(0.92%), 강남구(0.84%), 양천구(0.66%) 순이었다. 반면, 도봉구(0.02%), 강북구(0.03%), 노원구(0.05%) 등지는 상승폭이 작았다.물론 서울 집값이 다 오른 것은 아니다. KB부동산에 따르면 올해 5~6월 실거래 신고된 서울 아파트(8657건) 중 상승 거래는 49.1%(4257건)였다. 보합(1428건)은 16.7%, 하락(2882건)은 33.2%다. 지난 1~4월(상승 48.4%, 하락 33.8%)보단 상승 거래 비중이 소폭 늘었다. 다만 지난 한달 간 강남구와 서초·용산구 등의 상승 거래 비중은 63~70%에 달했다.정근영 디자이너앞으로가 문제다. 금리 인하 기대감과 공급 부족 우려가 겹치며 집값 상승세가 강남권과 한강벨트를 넘어 서울 외곽으로 번지고 있어서다. 경기 둔화는 이어지는 데 집값만 오르는 이른바 ‘하우스 스태그플레이션’ 조짐이 뚜렷하다. 정부 긴급 대책이 필요하다는 목소리가 커지는 이유다. 박원갑 KB국민은행 부동산수석전문위원은 “불안 심리가 팽배하면 집값은 경제 펀더멘털을 이탈해 엉뚱한 방향으로 움직인다”며 “정부가 나서 시장을 진정시킬 필요가 있다”고 말했다.하지만 단기 급등에 과잉 규제로 대처하면 문재인 정부 때와 같은 부작용이 생길 수 있다. 때문에 시장에선 이재명 정부가 ‘세제 중과’보다는 조정대상지역 등 규제 지역과 토지거래허가구역 확대 카드를 먼저 꺼낼 가능성이 큰 것으로 본다. 금융권 대출 총량·한도를 축소하는 방안도 검토되고 있다. 양지영 신한투자증권 자산관리컨설팅부 수석은 “3단계 DSR이 시행되면 금리 인하 효과가 상쇄되며 단기적 거래 위축 국면이 나타날 수 있다”면서도 “그럼에도 과열이 이어질 경우 정부가 규제지역 등 지역별 핀셋 지정과 세제 규제 카드를 꺼낼 수 있다”고 내다봤다.김태윤 기자 pin21@joongang.co.kr"
https://www.joongang.co.kr/article/25343237,"서울 송파구 아파트의 모습. 연합뉴스서울의 전용 59㎡ 소형 아파트 분양가가 이른바 '국민평형'으로 불리는 전용 84㎡보다 더 빠른 속도로 상승한 것으로 나타났다.부동산 분양평가업체 리얼하우스에 따르면 지난 5월 기준 서울 민간 아파트 분양가는 전용 59㎡가 평균 12억3332만원으로 지난해 같은 달(9억9565만원)보다 23.9% 뛰었다. 반면 전용 84㎡는 16억1668만원으로 19.3% 오르는 데 그쳤다.리얼하우스는 ""서울 인기 지역을 중심으로 '똘똘한 한 채' 선호가 이어지는 가운데 1인 가구의 확산으로 소형 아파트 수요가 늘며 분양가 상승을 견인했다""고 분석했다.같은 기간 전국 평균 분양가는 4억4420만원에서 4억8473만원으로 9.1% 상승했다.지역별로 보면 수도권은 평균 7억6119만원으로 13.5% 올랐고, 5대 광역시와 세종은 4억7881만원으로 1.7% 상승했다. 도(道) 지역은 3억5143만원으로 7.1% 오른 평균 분양가를 기록했다.공급 측면에서는 수도권과 지방 간 격차가 시장 양극화를 부추기는 모양새다.지난달 전국 민간 아파트 분양물량은 5690가구로, 작년 동기(1만4938가구) 대비 61.9% 줄었다.서울은 같은 기간보다 269.5% 늘어난 1766가구가 공급되며 5월 기준으로는 2020년 이후 가장 많은 공급량을 기록했다.반면 전국 17개 시도 가운데 인천, 울산, 세종 등 10곳에서는 단 한 가구도 분양되지 않은 것으로 나타났다.비수도권 지역 중에서는 부산이 758가구로 가장 많은 물량을 공급했으며, 대구(540가구), 전남(208가구), 경북(90가구), 광주(81가구)가 뒤를 이었다.리얼하우스 관계자는 ""소형 아파트가 서민이 더는 들어갈 수 없는 가격까지 오르지 않게 공급 확대와 동시에 분양가격을 안정시킬 수 있는 묘책이 나와야 할 것""이라고 말했다.이해준 기자 lee.hayjune@joongang.co.kr"
https://www.joongang.co.kr/article/25342893,"6일 롯데월드타워전망대에서 본 잠실 주공5단지 모습. 뉴스1이재명 정부 출범으로 정치적 불확실성이 해소되면서 그동안 미뤄졌던 서울 성수동·잠실 등 핵심 재건축 단지의 분양이 하반기 본격적으로 재개된다.10일 업계에 따르면 포스코이앤씨가 시공을 맡은 성동구 성수동 '오티에르포레'(성수 장미)는 오는 7월 초 일반 분양에 나설 예정이다. 전체 287가구 규모 중 88가구가 일반 분양 대상이다.서울시가 이 단지의 장애인 특별공급 기관 추천을 공지하면서 분양 일정도 가시화됐다.성수동에서는 약 8년 만에 나오는 일반 분양 아파트다. 시장에서는 청약 수요가 집중될 것으로 예상하고 있다. 지난 2월 입주한 '서울숲 아이파크 리버포레'는 지역주택조합 사업으로 일반 분양 물량이 30가구 미만이었고, 실질적인 일반 공급은 이뤄지지 않았다.'오티에르포레'의 예상 분양가는 3.3㎡당 7300만원 수준으로, 전용 84㎡ 기준 약 25억원으로 전망된다.현재 성수동 신축 아파트인 '서울숲 아이파크 리버포레'가 3.3㎡당 1억원에 거래되는 점을 고려하면, 약 10억원의 시세차익도 기대된다.송파구 신천동의 '잠실르엘'(롯데건설 시공)도 6~7월 중 분양될 가능성이 높다. 12월 준공을 앞둔 단지로 분양가 상한제가 적용돼 시세보다 10억원 이상 낮은 수준에서 공급될 것으로 기대를 모은다. 전체 1865가구 중 일반 분양은 219가구다.이 단지와 인접한 '잠실 래미안 아이파크'는 작년 분양 당시 1순위 청약 접수에 8만명이 몰리며 평균 268.7대 1의 경쟁률을 기록했다. 당시 3.3㎡당 분양가는 5409만원, 전용 84㎡ 기준 분양가는 18억~19억원이었다.서초구 서초동 '아크로드 서초'(서초 신동아)는 디엘이앤씨 시공으로 하반기 분양될 가능성이 크다. 총 1161가구 규모의 대단지로 이 가운데 일반 분양은 236가구다.이 외에도 서초구 방배·반포 일대의 중소형 재건축 단지들이 분양 시점을 조율 중이어서, 하반기 서울 분양 시장의 청약 경쟁이 뜨거워질 것으로 보인다.박지민 월용청약연구소 대표는 ""분양가 상한제가 적용되거나 시세보다 저렴하게 책정된 서울 알짜부지의 청약은 많은 인파가 몰릴 것""이라며 ""높은 가점의 청약통장이 대거 나올 가능성이 있다""고 말했다.이해준 기자 lee.hayjune@joongang.co.kr"
https://www.joongang.co.kr/article/25340205,"서울 송파구 롯데월드타워 전망대 서울스카이에서 바라본 서울 시내 아파트와 주택. 뉴시스외국인이 보유한 국내 주택 수가 사상 처음으로 10만 가구를 넘어섰다. 이 가운데 절반이 넘는 주택이 중국인 소유로 나타났다.국토교통부가 30일 발표한 ‘2024년 말 기준 외국인 주택·토지 보유 통계’에 따르면, 지난해 12월 말 기준 외국인이 소유한 국내 주택은 총 10만216가구로 집계됐다. 이는 6개월 전보다 5158가구(5.4%) 증가한 수치로, 전체 주택의 0.52%에 해당한다.외국인 주택 보유자 수는 총 9만8581명이다. 국적별로는 중국인이 5만6301가구(56.2%)를 소유해 가장 큰 비중을 차지했다. 중국인 소유 주택은 같은 기간 3503가구 증가하며 외국인 전체 증가분의 68%를 차지한 것으로 나타났다.중국인의 비중은 2023년 6월 55.0%, 12월 55.5%에 이어 꾸준히 상승하고 있다. 뒤를 이어 미국인(2만2031가구, 22.0%), 캐나다인(6315가구, 6.3%) 순으로 나타났다.보유 유형을 보면, 외국인 소유 주택의 대부분인 9만1518가구가 아파트 등 공동주택이었으며, 단독주택은 8698가구였다. 지역별로는 수도권 집중 현상이 뚜렷하게 나타났으며, 전체의 72.7%가 수도권에 몰려 있었다.외국인 토지 보유 현황. 국토교통부 제공가장 많은 외국인 소유 주택이 있는 지역은 경기도(3만9144가구, 39.1%)였고, 그 뒤를 서울(2만3741가구, 23.7%), 인천(9983가구, 10.0%)이 이었다. 시군구별로는 경기 부천(5203가구), 안산(5033가구), 수원(3429가구), 평택(2984가구) 등이 상위권을 기록했다.보유 주택 수 기준으로는 1주택자가 전체의 93.4%를 차지했으며, 2주택자는 5182명(5.3%), 3주택 이상 보유자는 1310명으로 나타났다.한편, 외국인이 보유한 국내 토지 면적은 2억6790만5천㎡로, 전년 대비 1.2% 증가했다. 이는 전체 국토 면적의 0.27% 수준이다. 이 토지의 공시지가는 33조4892억원으로, 1년 전보다 1.4% 늘었다.토지 소유 외국인 중에서는 미국인이 전체 면적의 53.5%로 가장 많았고, 이어 중국인(7.9%), 유럽인(7.1%), 일본인(6.1%) 순이었다. 미국과 중국인의 보유 면적은 각각 1.5%, 2.0% 증가했다.지역별로는 경기도(18.5%), 전남(14.7%), 경북(13.6%)이 외국인 보유 토지 면적에서 높은 비중을 차지했다.소유자 유형으로 보면, 재외동포가 55.6%, 외국 법인은 33.7%, 순수 외국인은 10.5%로 집계됐다.정재홍 기자 hongj@joongang.co.kr"
https://www.joongang.co.kr/article/25342664,"서울 시내 아파트 단지 모습. 뉴시스서울에서 집을 산 후 2년 이내에 되파는 ‘단타 매매’ 비중이 역대 최저치로 떨어졌다. 반면 20년 이상 보유한 주택을 파는 비율은 가파르게 오르고 있다. 10일 중앙일보가 법원 등기정보광장을 분석한 결과다.지난해 서울 집합건물(아파트·빌라 등) 소유권 이전(매매) 등기 신청 중 매도인의 보유 기간을 보면, ‘2년 이하’ 비중은 전체의 4.8%로 나타났다. 전년(9.1%) 대비 절반 수준이자, 2010년 통계 집계 이후 연간 최저치다. 올해 1~5월엔 4.7%까지 하락했다. 최근 15년간 보유 2년 이하 주택 단타 매매 비율은 평균 11.4%였다. 1년도 보유하지 않고 파는 ‘초단타 매매’ 비율 역시 지난해 2%로 3~4년 전 7%대에서 크게 줄었다.김주원 기자주택 단타 매매가 감소한 것은 무엇보다 양도소득세 영향이 크다. 2021년 6월부터 보유 1년 이하 주택에는 양도세율 70%, 2년 이하에는 60%를 물린다. 기본세율(6~45%)보다 훨씬 무겁다. 투자자 입장에선 집값이 단기간 폭등하지 않는 한 양도세를 내고 나면 남는 게 별로 없다. 대출 규제가 강화되면서 부동산 시장이 실수요자 중심으로 재편되고 있는 점도 주목해야 한다. 김성환 건설산업연구원 연구위원은 ""갭투자 비율은 줄고 실수요자 유입이 확대되고 있다""고 분석했다.여기에 서울 집값이 상승세를 이어갈 것이란 기대도 한몫한 것으로 보인다. 통상 집값 급등락기엔 단타 매매가 늘지만, 하향 안정기나 완만한 상승기 땐 보유 기간이 길어지는 경향을 보인다. ‘똘똘한 한 채’를 장기 보유하려는 다주택자들의 자산 전략 변화도 한 요인으로 분석된다.김주원 기자반면, 20년 이상 보유하던 집을 파는 비율은 지난해 8.5%로 역대 최고치를 찍었다. 2010년(2.2%)과 비교하면 4배 수준이다. 구축 주택이 누적된 이유가 크지만, 장기 보유 세제 혜택이 는 데다 재건축 규제가 완화되면서 투자 수요가 빠르게 유입된 영향 때문으로 풀이된다. 올해 1~5월엔 20년 초과 보유 후 매도 비율이 9.9%까지 올랐다. 올해 서울에서 실거래 신고된 아파트 3만6541가구 중 준공 20년 이상 된 곳은 57.7%, 30년 이상은 24.3%에 달했다(국토부 실거래가공개시스템).양지영 신한투자증권 자산관리컨설팅부 수석은 “이제 부동산 투자는 단타에서 장투(장기투자)로 패러다임이 바뀌었다”며 “단기 시세 차익을 노리기보다는 입지와 수요층, 규제 변화 가능성을 종합적으로 고려해 장기 보유에 유리한 자산 구조를 갖추는 것이 중요하다”고 강조했다.김태윤 기자 pin21@joongang.co.kr"
https://www.joongang.co.kr/article/25343365,"서울 아파트 가격이 19주 연속 오르며 상승 폭을 키우고 있다. 12일 한국부동산원이 발표한 6월 둘째 주(9일 기준) 전국 주간 아파트가격 동향에 따르면, 서울 아파트 매매가격은 전주보다 0.26% 올랐다. 지난주(0.19%)보다 상승 폭이 커졌을 뿐 아니라, ‘불장’이었던 지난해 8월 넷째주(0.26%)와 같은 수준이다. 이는 이재명 대통령 취임 이후 첫 아파트 가격 동향 조사다. 가격 급등세에 시장 혼란이 커지자 정부는 '부동산 시장 점검 TF'를 소집하고 ""가용한 정책을 총망라하겠다""고 밝혔다.김주원 기자지역별로 보면 송파(0.71%)·강남(0.51%)·강동(0.50%)·성동(0.47%)·서초(0.45%)에서 상승률이 높았다. 경기에서는 '준강남'으로 불리는 경기 성남 분당구(0.39%)와 과천시(0.35%)가 많이 올랐다.집값이 덜 올랐던 비강남권을 중심으로 거래가 늘며 가격 차이를 좁히는 '갭 메우기' 장세도 나타나고 있다. 국토교통부 실거래시스템에 따르면, 이달 1~10일 열흘간 서울 아파트 매매 567건 중 노원(49건), 동대문(39건), 성북(38건), 성동(36건) 등에 거래량이 집중됐다. 전체 거래 중 강남 3구와 용산구가 차지하는 비중은 올해 1~4월 9%에서 5월 4.2%, 6월 4.4%로 감소 추세다.문제는 구조적으로 부동산 상승 압박이 커지고 있다는 점이다. 공급 부족 때문이다. 한국부동산원·부동산R114 공동 조사에 따르면, 서울의 공동주택 공급량은 올해 4만6710가구, 내년 2만4462가구로 47.6% 감소할 전망이다. 2~3년 후 공급 물량을 가늠할 수 있는 착공 실적도 부진하다. 올 들어 4월까지 서울 착공은 8357가구로 지난해 같은 기간보다 21.2% 감소했다.일부 부동산 커뮤니티에는 “2021년도처럼 '벼락거지'가 될 것 같아 불안하다”, ""더 오르기 전에 사야 한다"" 등의 글이 오르는 등 이른바 '패닉바잉' 분위기도 감지된다. 직장인들 사이에는 ""잠실 25평 29.5억 거래 완료"" ""압구정  30평대 72억 신고가 썰"" 같은 메시지가 퍼지며 불안감을 키우고 있다.부동산 상승세에 신중론을 견지해오던 채상욱 커넥티드그라운드 대표가 전날 ""하반기 부동산은 서울을 넘어 수도권까지 강세장이 올 것""이라고 입장을 바꾼 것도 화제가 됐다. 그는 ""문재인2가 안되려고 부동산을 회피하니까 시장이 얕잡아보고 새 정부도 우롱하는 중인데, 공약집엔 공급 수량도 없고 수요 대책도 없다""며 ""무언가 예상치 않은 강력한 수요 억제가 나오지 않는 한 강세가 나타날 것""이라고 덧붙였다.김주원 기자여기에 다음 달 스트레스 DSR(총부채원리금상환비율) 3단계 규제를 앞두고 있어 이달 중 ‘대출 막차’를 타기 위한 부동산 매수세가 더 몰릴 가능성이 있다는 점도 불안감을 키운다. 김규정 한국투자증권 부동산전문위원은 “다음 달이 되면 상승세는 일시적으로 누를 수 있지만, 수요자들의 불안이 커서 효과는 일시적일 것”이라며 “정부가 확실한 공급 대책 등 시장을 안심시킬 수 있는 구체적인 정책 시그널을 줄 필요가 있다”고 말했다.김인만 김인만부동산경제연구소 대표도 “공급 대책에 대한 신뢰는 없고, 세금 규제는 없다는 대선 공약에, 금리 인하 전망까지 더해지니 집값 상승을 점칠 수밖에 없다”고 짚었다. 그는 이어 ""서울 외곽은 아직 갭 메우기 정도이나, 강남권의 신고가 행진이 서울 외곽까지 퍼지는 것은 시간 문제""라며 ""어떤 정책을 준비하고 있다는 신호를 빨리 줘야 한다""고 주문했다.정부는 12일 TF 회의에서 ""투기·시장교란 행위나 심리 불안으로 인한 가수요가 시장 안정을 저해하지 않도록 가용한 정책수단을 총망라하겠다""고 밝혔다. 익명을 요구한 한 정부 관계자는 ""최근 대통령실에서 (부동산 상승세와 관련해) 회의를 했고, 실무적으로 준비 중인 단계""라며 ""다만 부동산 공급, 대출 규제 등을 포괄하는 방안을 마련해야 하기에 발표까진 시간이 걸릴 것""이라고 귀띔했다.이현 lee.hyun@joongang.co.kr"
https://www.joongang.co.kr/article/25342763,"서울에서 집을 산 후 2년 이내에 되파는 ‘단타 매매’ 비중이 역대 최저치로 떨어졌다. 반면 20년 이상 보유한 주택을 파는 비율은 가파르게 오르고 있다. 10일 중앙일보가 법원 등기정보광장을 분석한 결과다.지난해 서울 집합건물(아파트·빌라 등) 소유권 이전(매매) 등기 신청 중 매도인의 보유 기간을 보면, ‘2년 이하’ 비중은 전체의 4.8%로 나타났다. 전년(9.1%) 대비 절반 수준이자, 2010년 통계 집계 이후 연간 최저치다. 올해 1~5월엔 4.7%까지 하락했다. 최근 15년간 보유 2년 이하 주택 단타 매매 비율은 평균 11.4%였다. 1년도 보유하지 않고 파는 ‘초단타 매매’ 비율 역시 지난해 2%로 3~4년 전 7%대에서 크게 줄었다.주택 단타 매매가 감소한 것은 무엇보다 양도소득세 영향이 크다. 2021년 6월부터 보유 1년 이하 주택에는 양도세율 70%, 2년 이하에는 60%를 물린다. 기본세율(6~45%)보다 훨씬 무겁다. 투자자 입장에선 집값이 단기간 폭등하지 않는 한 양도세를 내고 나면 남는 게 별로 없다.대출 규제가 강화되면서 부동산 시장이 실수요자 중심으로 재편되고 있는 점도 주목해야 한다. 김성환 건설산업연구원 연구위원은 “갭투자 비율은 줄고 실수요자 유입이 확대되고 있다”고 분석했다.여기에 서울 집값이 상승세를 이어갈 것이란 기대도 한몫한 것으로 보인다. 통상 집값 급등락기엔 단타 매매가 늘지만, 하향 안정기나 완만한 상승기 땐 보유 기간이 길어지는 경향을 보인다. ‘똘똘한 한 채’를 장기 보유하려는 다주택자들의 자산 전략 변화도 한 요인으로 분석된다.반면 20년 이상 보유하던 집을 파는 비율은 지난해 8.5%로 역대 최고치를 찍었다. 2010년(2.2%)과 비교하면 4배 수준이다. 구축 주택이 누적된 이유가 크지만, 장기 보유 세제 혜택이 는 데다 재건축 규제가 완화되면서 투자 수요가 빠르게 유입된 영향 때문으로 풀이된다. 올해 1~5월엔 20년 초과 보유 후 매도 비율이 9.9%까지 올랐다. 올해 서울에서 실거래 신고된 아파트 3만6541가구 중 준공 20년 이상 된 곳은 57.7%, 30년 이상은 24.3%에 달했다(국토부 실거래가공개시스템).양지영 신한투자증권 자산관리컨설팅부 수석은 “이제 부동산 투자는 단타에서 장투(장기 투자)로 패러다임이 바뀌었다”며 “단기 시세 차익을 노리기보다는 입지와 수요층, 규제 변화 가능성을 종합적으로 고려해 장기 보유에 유리한 자산 구조를 갖추는 것이 중요하다”고 강조했다.김태윤 기자 pin21@joongang.co.kr"
https://www.joongang.co.kr/article/25341278,"이재명 대통령이 4일 서울 여의도 국회에서 열린 제21대 대통령 취임선서식에서 '국민께 드리는 말씀 ' 연설을 하고 있다. 연합뉴스이재명 정부가 추진할 부동산 정책의 핵심은 ‘주택 공급 확대’를 통한 집값 안정이다. ‘다주택자 규제’과 ‘징벌적 세금’으로 집값을 잡으려다 실패한 과거 문재인 정부와 차별화되는 부분이다. 이 대통령은 선거 운동 기간 “가격이 오른다고 굳이 압박해서 낮출 필요가 있겠는가. 세금을 (부동산) 제재 수단으로 사용하면 정당성을 얻기 어렵다”고도 했다.이재명 대통령은 지난 29일 서울 서초구 서울고속버스터미널 광장에서 열린 유세에서 '안정적인 부동산 정책'을 강조했다. 연합뉴스이는 공약에서도 확인된다. ‘초고가 아파트 가격 상승 억제 중심에서 중산층·저소득층을 위한 주택 공급 중심의 주거 정책에 집중하겠다’는 것이다. 이를 위해 ▶신속한 주택 인·허가 제도 도입 ▶신축 수요에 방해되는 고분양가 문제 해소 방안 마련 ▶재개발·재건축 절차 및 용적률·건폐율 완화 등을 해법으로 내세웠다.양지영 신한투자증권 자산관리컨설팅부 수석은 “이재명 대통령은 1기 신도시 재정비 특별법 후속 조치를 조속히 추진하고, 서울 및 수도권 핵심지의 정비사업 규제 완화를 통해 주택 공급을 확대하겠다는 입장을 밝혔다”며 “용적률 상향, 인·허가 간소화, 특별정비구역 지정 등 행정·제도적 수단이 동원될 가능성이 높다”고 내다봤다.이재명 대통령은 대선 공약으로 '주택 공급'을 강조했다. 사진은 서울 시내의 대형 아파트 건설현장 모습. 뉴시스집값 상승의 불쏘시개로 작용할 수 있는 부동산 대출 규제를 풀 가능성은 작다. 이 대통령은 공약을 통해 ‘가계부채 총량의 안정적 관리 기조를 확립한다’는 뜻을 명확히 했다. 7월 시행 예정인 3단계 스트레스 총부채원리금상환비율(DSR) 등 기존 대출 규제가 유지될 것으로 예상된다. 그렇다고 부동산 시장을 위축시킬 토지거래허가구역(토허제) 확대 지정 가능성도 크지 않다. 양지영 수석은 “이 대통령이 밝힌 정책 방향은 공급 확대와 시장 안정”이라며 “명백한 거래 억제 수단인 토허제 확대 지정 가능성은 낮다”고 설명했다. 그는 이어 “다만 집값 상승세가 강해지고 신고가 경신이 이어지는 국면이 되면 토허제와 세제 규제 등 카드를 꺼낼 수도 있다”고 내다봤다.2025.06.16 17:112025.06.16 13:082025.06.16 09:23‘4시 신도기 건설’은 밑그림이 나오는 데까지 상당 기간이 걸릴 전망이다. 공약집에도 4시 신도시는 빠졌다. 1기 신도시 이주 대란 우려가 나오고, 3시 신도시 일정이 지연되는 마당에 4기 추진은 이르다고 판단한 것으로 풀이된다. ▶고품질 공공임대주택과 공공임대 비율 단계적 확대 ▶도심 공공주택 복합사업 활성화 ▶생애주기 맞춤형 공공주택 공급 확대 등 ‘공공성’을 강조한 주거 정책은 강화될 전망이다.서울 중구 남산에서 바라본 서울 시내 주택과 아파트 단지의 모습. 연합뉴스다만 공공주택을 포함한 주택 공급 대책은 시차를 고려할 때 당장 성과를 내기 힘들다. 때문에 대선 이후 부동산 시장은 정책보다 금리·경기 등에 따라 향방이 갈릴 전망이다. 중장기적으론 상·하방 요인이 혼재돼 있다. 전문가들은 부동산 시장 상방 요인으로 ▶주택공급 부족 우려 ▶실수요자 중심의 수요 회복 조짐 ▶기준금리 추가 인하 기대감 등을 꼽는다.하방 요인은 ▶미분양 증가와 분양 시장 부진 ▶경제성장률 둔화 등 경기 부진 ▶3단계 스트레스 DSR 등 대출 부담 ▶건설사의 신용 위험 확대 등이다. 함영진 우리은행 부동산리서치랩장은 “서울 지역 가격 강세, 수도권 중심의 실수요자 유입, 지방 시장 위축 흐름은 당분간 이어질 것”이라고 말했다.향후 부동산 시장의 방향성에 따라 내년 5월 종료되는 다주택자 중과 유예를 연장할 것인지, 지난 정부 때 폐지를 추진했던 공시가격 현실화 로드맵(공시가를 시세의 90%까지 단계적으로 올리는 것)을 손볼 것인지가 결정될 것으로 전망된다.한편 이재명 정부에서는 집값 초양극화와 건설 경기 침체, 수도권-지방 간 공급 불균형, 3기 신도시 등 재개발·재건축 지연, 부동산 프로젝트파이낸싱(PF) 부실 리스크 등 과제도 산적해 있다. 함영진 랩장은 “특히 위축된 지방 부동산 시장 활성화를 위해 미분양 주택에 대한 양도소득세 감면, 미분양 매입 확대, 다주택자 규제 완화 등이 필요해 보인다”고 말했다. 한승구 대한건설협회장은 “국내총생산의 15%를 차지하는 건설산업이 매우 어려운 상황”이라며 “침체된 건설 경기 활성화를 위해 특단의 대책과 과감한 규제 개혁을 기대한다”고 밝혔다.김태윤 pin21@joongang.co.kr, 이현 기자 lee.hyun@joongang.co.kr"
https://www.joongang.co.kr/article/25340219,"지자체 중 외국인 보유 주택 수가 가장 많은 경기 부천시 주택 밀집 지역. 뉴스1외국인이 보유한 국내 주택이 통계 집계 이후 처음으로 10만 가구를 넘어섰다. 외국 국적자 중 2가구 이상 다주택자는 6500명에 달하는 것으로 나타났다.30일 국토교통부에 따르면 지난해 말 기준 외국인 소유 국내 주택은 10만216가구다. 6개월 전보다 5.34%(5158가구) 증가했다. 국내 전체 주택의 0.52%에 해당한다.국적별로 보면 중국인 소유가 56.2%(5만6301가구)로 가장 많았다. 중국인 보유 주택은 6개월 전보다 3503가구 증가했다. 지난해 하반기 외국인 보유 주택 증가분의 68%를 중국인이 차지한 셈이다. 다음은 미국인(22%, 2만2031가구), 캐나다인(6.3%, 631가구) 순이었다. 유형별로는 아파트가 전체의 91.3%를 차지했다.외국인 보유 주택 중 72.7%는 수도권에 몰려 있었다. 경기도가 3만9133가구(39.1%)로 가장 많았다. 서울은 23.7%, 인천은 10%였다. 또한 2주택 이상 다주택자는 6492명으로 나타났다. 이 중 5주택 이상은 461명이었다.특히 중앙일보가 법원 등기정보광장을 분석한 결과 올해 들어 서울 강남 3구와 용산구 등 고가 주택 밀집 지역에서 외국인 매수 112건 중 83건(74%)은 미국·캐나다 국적인 것으로 나타났다. 이중 상당수는 한국에 생활 기반을 둔 ‘검은 머리 외국인’으로 추정된다(※중앙일보 5월 30일 자, ‘미국서 돈 빌려 강남 아파트 구입…국적만 외국인 늘었다’ 참조).한편, 외국인이 보유한 토지 면적은 한국 전체 면적의 0.27%인 것으로 나타났다. 외국인 보유 토지의 공시지가는 33조4892억원으로 1년 전보다 1.4% 증가했다. 국적별로는 미국이 53.5%로 가장 많았고, 다음은 중국(7.9%), 유럽(7.1%), 일본(6.1%) 순이었다.김태윤 기자 pin21@joongang.co.kr"
https://www.joongang.co.kr/article/25343457,"토지거래허가제(토허제) 적용을 받지 않는 서울 성동구 집값 상승세가 심상찮다. 12일 한국부동산원 통계를 보면 올해 들어 성동구 아파트값은 3.91% 상승했다. 강남 3구를 제외하면 서울 25개 구 중 가장 높은 수치다. KB국민은행이 집계한 성동구 아파트 평균 가격은 최근 1년 새 1억원 이상 오르며 이달 들어 처음 15억원을 돌파했다. 몇 달 새 수억원씩 오른 신고가도 속출하고 있다. 전날 오세훈 서울시장이 “성동구 집값을 예의 주시하고 있다”며 “비상 상황이면 토허제를 사용할 수 있다”고 한 배경이다.거래량도 급증세다. 국토교통부 실거래가공개시스템에 따르면 올해 성동구 아파트 거래량은 12일 기준 2098건이다. 지난해 같은 기간(1195건)보다 75.6% 늘었다. 박원갑 KB국민은행 부동산수석전문위원은 “준상급지인 성동구는 맞벌이 부부의 실수요 매수세가 강한 곳”이라며 “강남권으로 진입하지 못한 가구가 상대적으로 가격이 낮은 성동구 등으로 갈아타기를 하는 중”이라고 분석했다. 함영진 우리은행 부동산리서치랩장도 “성수전략정비구역 등 재개발·재건축 호재와 성수동 상권 개발 등으로 집값이 탄력을 받고 있다”고 전했다. 지난 3월 강남 3구와 용산구 전체가 토허제에 묶이면서 갭투자 수요가 성동·마포구 등으로 옮겨 갔다는 분석도 있다. 토허제 풍선 효과다.다만 성동구 토허제 지정은 신중할 필요가 있다는 지적이 나온다. 올해 5~6월 성동구 아파트 실거래 신고 중 상승 거래(242건)가 절반이 넘지만, 보합(71건)이나 하락(144건) 거래도 적지 않다. 박원갑 위원은 “성동구를 토허제로 묶으면 마포·동작·광진·강동구 등과 형평성 문제가 불거질 것”이라며 “과열이 이어진다면 조정대상지역 등 낮은 단계 규제를 먼저 시행하는 게 맞다”고 조언했다.김태윤 기자 pin21@joongang.co.kr"
https://www.joongang.co.kr/article/25340234,"서울 시내 아파트 공사 현장. 뉴스1주택 공급 지표가 일제히 바닥을 향하고 있다. 21대 대선 유력 후보 모두 ‘주택 공급 확대’ 공약을 내걸었지만, 특단의 조치가 없다면 올해 말부터 주택 부족 사태가 현실화할 것이란 우려가 나온다.30일 국토교통부에 따르면 주택 공급 부진 우려가 여전한 상황에서 올해 4월까지 착공·준공·인허가 등 '3대 지표'가 일제히 꺾였다. 우선 1~4월 누적 착공 물량(5만9065가구)은 지난해 같은 기간 대비 33.8% 줄었다. 서울(-21.2%)을 포함한 수도권(-32.3%)과 지방(-36%) 모두 큰 폭으로 감소했다. 아파트 착공(-37%)이 특히 부진했다.올해 1~4월 주택 공급 지표. 국토교통부분양과 입주 물량도 대폭 감소했다. 1~4월 분양(4만1685가구)은 지난해 같은 기간 대비 41%나 줄었다. 서울은 70% 넘게 감소했고, 지방은 54.3% 줄었다. 준공(입주, 13만9139가구) 역시 같은 기간 9.8% 감소했다.전국 주택 인허가 물량은 9만14가구로 전년 같은 기간보다 12.2% 줄었다. 아파트(7만9219가구)와 비아파트(1만795가구) 모두 각각 12.6%, 8.7% 감소했다. 다만 수도권 아파트 인허가는 기저 효과로 24.7% 늘었다.한국은행과 건설산업연구원에 따르면 1분기 주거용 건축 공사액은 전년 동기보다 21.9%나 줄었다. 통상 주거용 건축 투자는 2년 안팎 시차를 두고 주택 공급에 반영된다. 박철한 건설산업연구원 연구위원은 “이러한 감소 흐름이 내년에도 지속될 가능성이 있다”고 내다봤다.국토교통부새로 지을 집과 이미 지은 주택 물량이 모두 줄면서 지난해부터 불거진 공급 부족 불안이 더욱 심화할 전망이다. 특히 수도권이 문제다. 부동산 R114에 따르면 내년 서울 아파트 입주 예상 물량은 2만8614가구로 지난 10년 평균(3만5939가구)에 한참 못 미친다. 통상 11만 가구 규모인 경기도 역시 올해와 내년 각각 7만여 가구에 그칠 것으로 보인다.이를 의식한 듯, 대선 후보들의 부동산 공약은 공급 확대에 방점이 찍혀 있다. 이재명 더불어민주당 후보는 공약집을 통해 “중산층·저소득층을 위한 주택 공급 중심의 주거 정책에 집중하겠다”고 했다. 재개발·재건축 절차를 간소화하고 용적률·건폐율을 완화하겠다는 뜻도 밝혔다. 김문수 국민의힘 후보 역시 재개발·재건축 규제 완화, 공공주택 인허가와 건설형 공공주택 착공 확대를 공약으로 내세웠다. 하지만 어떤 후보도 구체적인 공급 목표나 시기·방법은 제시하지 않았다.대선 유세 중인 이재명, 김문수, 이준석 후보(왼쪽부터). 연합뉴스주택 공급 부족은 집값 상승으로 이어질 수 있다. 함영진 우리은행 부동산리서치랩장은 “아파트 입주량 감소로 인한 매물 감소와 월세화가 이어지며 전셋값 상승이 지속하고, 주택 공급 위축에 대한 우려도 여전해 서울 등 주요 지역 가격 상승은 지속할 확률이 높다”고 말했다. 양지영 신한투자증권 자산관리컨설팅 수석 역시 “신규 공급이 부족한 서울·수도권 주요 지역 가격 상승 압력이 점차 강해질 수 있다”고 전했다. 박철한 연구위원은 “건설투자 급감이 내수 침체를 심화하고 공급 부족 우려를 키우고 있다”며 “이를 반전시키기 위해선 올 하반기 강도 높은 재정 정책 시행이 필수적”이라고 강조했다.한편, 4월 말 기준 전국 준공 후 미분양은 2만6422가구로 전월 대비 5.2%(1305가구) 증가했다. 2013년 8월 이후 가장 큰 규모이자, 20개월 연속 증가한 수치다. 악성 미분양의 83%는 지방에서 발생했다. 다만 일반 미분양(6만7793가구)은 지난달보다 1.6% 감소했다.김태윤 기자 pin21@joongang.co.kr"
https://www.joongang.co.kr/article/25342882,"서울 송파구 롯데월드타워에서 바라본 주택단지 모습. 연합뉴스전용면적 84㎡ 아파트, 이른바 ‘국민평형’의 전국 평균 분양가가 최근 1년 사이 약 1억원 가까이 상승한 것으로 나타났다.부동산R114에 따르면 지난해 6월부터 올해 5월까지 1년 동안 전국에서 공급된 전용 84㎡ 아파트의 평균 분양가는 7억7235만원으로 집계됐다. 이는 2023년 6월부터 2024년 5월까지의 전년 동기 평균 분양가인 6억7738만원보다 9496만원 오른 수치다.서울의 경우 평균 분양가가 17억6735만원에 달해, 전국 평균을 끌어올린 것으로 분석됐다. 뒤이어 제주(8억8625만원), 부산(7억8775만원), 대구(7억7081만원), 경기(7억507만원), 대전(6억8600만원), 인천(6억7758만원) 순으로 조사됐다. 이처럼 대부분 대도시에서 ‘국평’ 아파트의 분양가는 7억원을 넘긴 상황이다.이 같은 분양가 상승의 주요 원인으로는 건축 자재 가격과 인건비 상승으로 인한 공사비 증가가 지목된다. 전문가들은 공사비 증가세가 당분간 이어질 것으로 보고 있다.권일 부동산인포 리서치팀장은 “분양가가 구조적으로 오를 수밖에 없는 환경”이라며 “하반기로 갈수록 공사비 부담이 더 반영된 단지들이 나올 가능성이 크다”고 전망했다.정재홍 기자 hongj@joongang.co.kr"
https://www.joongang.co.kr/article/25341830,"서울 지역 주택(아파트·단독·연립주택) 평균 매매가격이 처음으로 10억원을 넘어섰다. 사진은 6일 서울 송파구 롯데월드타워에서 바라본 주택단지 모습. 연합뉴스서울의 주택 평균 매매가격이 사상 처음으로 10억 원을 넘어섰다. 강남권 아파트 가격 상승이 전체 시장을 끌어올린 것으로 분석된다.6일 KB국민은행 조사에 따르면, 2025년 5월 기준 서울의 주택(아파트·단독·연립주택 포함) 평균 매매가격은 10억39만8000원으로 집계됐다. 이는 지난 4월의 9억9246만 원보다 1.16% 상승한 수치로, 해당 조사가 시작된 이래 가장 높은 금액이다.이번 상승세를 견인한 주택 유형은 아파트였다. 서울 아파트 평균 매매가격은 3월 기준 12억9720만 원을 기록했고, 4월에는 13억2965만 원으로 2.50% 급등했다. 5월에도 1.19% 올라 13억4540만 원을 넘기며 전체 주택 평균 가격도 10억 원대를 돌파했다.특히 2월 기준금리 인하와 강남권 토지거래허가구역(토허구역) 일시 해제가 맞물리며 상승세에 영향을 준 것으로 풀이된다. 3월 말 토허구역이 재지정된 이후에도 상승 흐름은 이어지고 있다.강남 11개 구의 아파트 상승률은 3월 1.98%, 4월 3.25%, 5월 1.56%로, 같은 기간 강북 14개 구의 상승률인 0.47%, 0.85%, 0.41%에 비해 3배가량 높았다. 5월 기준 강남권 아파트 평균 매매가격은 16억7514만 원, 강북권은 9억7717만 원으로, 두 지역 간 격차는 7억 원 가까이 벌어졌다. 이는 금액 기준 역대 최대 격차다.한편 서울 단독주택의 평균 매매가격은 11억9539만 원으로 전월 대비 0.71% 상승했으며, 연립주택은 3억4912만 원으로 0.91% 올랐다. 아파트에 비해서는 상승폭이 다소 낮은 편이다.서울 아파트 중위가격은 4월 처음 10억 원을 넘긴 데 이어 5월에는 10억833만 원까지 상승했다. 강남 11개 구의 아파트 중위가격은 12억8000만 원, 강북 14개 구는 8억4000만 원으로, 두 지역 간 차이는 4억4000만 원에 달했다.정재홍 기자 hongj@joongang.co.kr"
https://www.joongang.co.kr/article/25341421,"이재명 정부가 추진할 부동산 정책의 핵심은 ‘주택 공급 확대’를 통한 집값 안정이다. ‘다주택자 규제’과 ‘징벌적 세금’으로 집값을 잡으려다 실패한 과거 문재인 정부와 차별화되는 부분이다. 이 대통령은 선거 운동 기간 “가격이 오른다고 굳이 압박해서 낮출 필요가 있겠는가. 세금을 (부동산) 제재 수단으로 사용하면 정당성을 얻기 어렵다”고 강조했다.공약에서도 확인된다. ‘초고가 아파트 가격 상승 억제 중심에서 중산층·저소득층을 위한 주택 공급 중심의 주거 정책에 집중하겠다’는 것이다. 이를 위해 ▶신속한 주택 인·허가 제도 도입 ▶신축 수요에 방해되는 고분양가 문제 해소 방안 마련 ▶재개발·재건축 절차 및 용적률·건폐율 완화 등을 해법으로 내세웠다. 양지영 신한투자증권 자산관리컨설팅부 수석은 “이 대통령은 1기 신도시 재정비 특별법 후속 조치를 조속히 추진하고, 서울 및 수도권 핵심지의 정비사업 규제 완화를 통해 주택 공급을 확대하겠다는 입장을 밝혔다”며 “용적률 상향, 인·허가 간소화, 특별정비구역 지정 등 행정·제도적 수단이 동원될 가능성이 높다”고 내다봤다.집값 상승의 불쏘시개로 작용할 수 있는 부동산 대출 규제를 풀 가능성은 작다. 이 대통령은 공약을 통해 ‘가계부채 총량의 안정적 관리 기조를 확립한다’는 뜻을 명확히 했다. 7월 시행 예정인 3단계 스트레스 총부채원리금상환비율(DSR) 등 기존 대출 규제가 유지될 것으로 예상된다. 그렇다고 부동산 시장을 위축시킬 토지거래허가구역(토허제) 확대 지정 가능성도 크지 않다. 양지영 수석은 “이 대통령이 밝힌 정책 방향은 공급 확대와 시장 안정”이라며 “다만 집값 상승세가 강해지고 신고가 경신이 이어지는 국면이 되면 토허제와 세제 규제 등 카드를 꺼낼 수도 있다”고 내다봤다.‘4시 신도기 건설’은 밑그림이 나오는 데까지 상당 기간이 걸릴 전망이다. 공약집에도 빠졌다. 1기 신도시 이주 대란 우려가 나오고, 3시 신도시 일정이 지연되는 마당에 4기 추진은 이르다고 판단한 것으로 풀이된다. ▶고품질 공공임대주택과 공공임대 비율 단계적 확대 ▶도심 공공주택 복합사업 활성화 ▶생애주기 맞춤형 공공주택 공급 확대 등 ‘공공성’을 강조한 주거 정책은 강화될 전망이다.다만 주택 공급 대책은 시차를 고려할 때 당장 성과를 내기 힘들다. 때문에 대선 이후 부동산 시장은 정책보다 금리·경기 등에 따라 향방이 갈릴 전망이다. 중장기적으론 상·하방 요인이 혼재돼 있다. 전문가들은 상방 요인으로 ▶주택 공급 부족 우려 ▶실수요자 중심의 수요 회복 조짐 ▶기준금리 추가 인하 기대감 등을 꼽는다. 하방 요인은 ▶미분양 증가와 분양 시장 부진 ▶경제성장률 둔화 등 경기 부진 ▶3단계 스트레스 DSR 등 대출 부담 ▶건설사의 신용 위험 확대 등이다. 함영진 우리은행 부동산리서치랩장은 “서울 지역 가격 강세, 수도권 중심의 실수요자 유입, 지방 시장 위축 흐름은 당분간 이어질 것”이라고 말했다.향후 부동산 시장의 방향성에 따라 내년 5월 종료되는 다주택자 중과 유예를 연장할 것인지, 지난 정부 때 폐지를 추진했던 공시가격 현실화 로드맵(공시가를 시세의 90%까지 단계적으로 올리는 것)을 손볼 것인지가 결정될 것으로 전망된다.한편 이재명 정부에서는 집값 초양극화와 건설 경기 침체, 수도권-지방 간 공급 불균형, 3기 신도시 등 재개발·재건축 지연, 부동산 프로젝트파이낸싱(PF) 부실 리스크 등 과제도 산적해 있다. 함영진 랩장은 “특히 위축된 지방 부동산 시장 활성화를 위해 미분양 주택에 대한 양도소득세 감면, 미분양 매입 확대, 다주택자 규제 완화 등이 필요해 보인다”고 말했다.김태윤·이현 기자 pin21@joongang.co.kr"
https://www.joongang.co.kr/article/25343332,"'서울스카이' 전망대에서 바라본 서울 성동구와 송파구, 광진구 일대 아파트 단지 모습. 연합뉴스“요즘은 성수동뿐 아니라 금호·옥수·행당·응봉동에도 매수 문의가 많아요. 4~5년 전 집값 급등기 때 분위기가 납니다.”
서울 성동구에 있는 A공인중개사무소 관계자의 얘기다. 그는 “어제(11일) 오세훈 시장의 토허제(토지거래허가제) 발언으로 오히려 더 관심이 쏠리는 것 같다”고 했다.김주원 기자서울 성동구 집값이 가파르게 오르고 있다. 거래량이 급증하며 집값 상승 폭도 점차 커지는 양상이다. 12일 한국부동산원 통계를 보면 올해 들어 성동구 아파트값은 3.91% 상승했다. 강남 3구를 제외하면 서울 25개구 중 가장 높은 수치다. KB국민은행이 집계한 성동구 아파트 평균 가격은 최근 1년 새 1억원 이상 오르며 이달 들어 처음으로 15억원을 돌파했다. 몇 달 새 수억원씩 오른 신고가도 속출하고 있다. 지난 11일 오세훈 서울시장이 “성동구 집값을 예의주시하고 있다”며 “비상 상황이면 토허제를 사용할 수 있다”는 발언이 나온 배경이다.특히 주목할 것은 거래량이다. 국토교통부 실거래가공개시스템에 따르면 올해 성동구 아파트 거래량은 12일 기준 2098건이다. 지난해 같은 기간(1195건)보다 75.6% 늘어난 수치다. 5월 거래량은 428건(12일 기준)으로, 실거래 신고 기한(계약 후 30일)을 고려하면 최근 5년 세 번째로 많은 거래량을 기록할 전망이다.김주원 기자성동구 집값은 지난해 하반기부터 심상치 않았다. 지난해에만 6.9% 상승하며 한강 이북에서 가장 높은 상승률을 기록했다. 박원갑 KB국민은행 부동산수석전문위원은 “준상급지인 성동구는 맞벌이 부부의 실수요 매수세가 강한 곳”이라며 “높은 가격 때문에 강남권으로 진입하지 못한 가구가 상대적으로 가격이 낮은 성동구 등으로 갈아타기를 하는 중”이라고 말했다.함영진 우리은행 부동산리서치랩장은 “성수전략정비구역 등 재개발·재건축 호재와 성수동 상권 개발 등으로 MZ세대 유입이 늘면서 집값이 탄력을 받고 있다”고 전했다. 지난 3월 강남 3구와 용산구 전체가 토허제에 묶이면서 갭투자 수요가 성동·마포구 등으로 옮겨갔다는 분석도 있다. 토허제 풍선 효과다.김주원 기자다만 성동구의 토허제 지정은 신중할 필요가 있다. 올해 서울 부동산 시장이 출렁인 것은 토허제 해제·재지정 영향이 컸다. 더욱이 KB국민은행 따르면 올해 5~6월 성동구 아파트 실거래 신고 중 상승 거래(242건)가 절반이 넘지만, 보합(71건)이나 하락(144건) 거래도 적지 않다. 박원갑 위원은 “성동구를 토허제 묶으면 집값이 오르고 있는 마포·동작·광진·강동구 등과 형평성 문제가 불거질 것”이라며 “과열이 이어진다면 서울시가 중앙부처와 협의해 조정대상지역 등 낮은 단계 규제를 먼저 시행하는 게 맞다”고 조언했다.김태윤 기자 pin21@joongang.co.kr"
https://www.joongang.co.kr/article/25341035,"중견 건설사 도산·폐업이 잇따르는 가운데 아파트 분양보증 사고가 또 발생했다. 2023년 이후 공사가 멈춘 아파트 현장은 37곳에 달한다. 지방 미분양과 건설 경기 침체로 연말까지 사고가 더 늘어날 수 있다는 우려가 나온다.3일 주택도시보증공사(HUG)에 따르면 지난달 20일 강원 강릉 '영무예다음 어반포레'와 경기 양주 '용암 영무예다음 더퍼스트' 현장이 보증사고 처리됐다. HUG에 보증보험을 가입한 시행사가 부도나 법정관리 등으로 분양계약을 이행하지 못할 경우, HUG는 해당 사업장을 '보증사고 처리'하고 수분양자에게 계약금과 중도금을 대신 환급한다.이는 각각 올들어 2번째·3번째 보증 사고다. 두 단지는 지난 1월 1·2순위 청약 경쟁률이 각각 0.16대 1, 0.09대 1로 미분양이 발생했다. 시행사인 영무토건은 미분양 여파로 지난달 법정관리를 신청했다.정근영 디자이너분양·임대 보증사고는 2021~2022년에는 한 건도 없었지만, 건설 경기가 위축되기 시작한 2023년 이후 급증했다. 지난달까지 2년 5개월간 총 37건, 사고 금액은 2조4000억원을 넘어섰다.3일 HUG가 국회 국토교통위 소속 엄태영 국민의힘 의원에게 제출한 자료 등에 따르면 지난 2020년부터 이후 보증 사고가 난 45개 사업장 중 공사가 재개됐거나(분양이행·계속사업) 매각 완료된 곳은 16곳뿐이다. 나머지 29곳은 공사 중단된 상태로 방치돼 있다.특히 2023년부터는 이전까지 드물었던 임대아파트 사업장에서도 사고가 이어지고 있다. 2023년 3건, 2024년 6건 발생했고, 올해 초 멈춘 강원 '춘천 시온 숲속의아침뷰'도 임대보증 사고였다. 보통 사업성이 낮아 분양에 실패한 단지를 ‘울며 겨자 먹기’로 임대로 전환하는 경우가 많은데, 그마저도 좌초된 경우가 늘고 있다는 의미다.30가구 이상 아파트를 분양하거나 임대할 경우 HUG 보증보험 가입이 의무다. 시행사 부도·회생신청 등으로 공사가 멈추면 HUG는 계약자들에게 계약금·중도금을 환급한 뒤 사업장을 매각해 손실을 회수한다. 사업 정상화가 가능하다고 볼 경우 대체 시공사를 선정해 공사를 이어가기도 한다.하지만 건설 경기 침체로 매수자를 찾기도 쉽지 않은 상황이다. HUG는 지난해 6월과 9월 두 차례 매각 설명회를 열었는데, 14년 만에 처음으로 본사 주관으로 열린 매각설명회였다. 다음 달 초에도 '환급사업장 매각설명회'를 개최할 예정이다. 사고는 늘고, 사겠다고 나서는 곳도 적다 보니 10개월 만에 설명회를 또 열게 됐다.전세사기 여파로 HUG는 2022년부터 3년 연속 적자를 기록했다. 3년간 누적 순손실은 6조7883억원에 달한다. 여기에 분양보증 사고까지 급증하면서 HUG의 재무건전성은 더욱 악화하고 있다.공사 중단 상태로 20년 넘게 방치 중인 경기 용인의 한 아파트 단지. 사진 용인시매각에 실패한 사업장은 공사 중단 상태로 방치된다. 짓다 만 아파트는 시간이 지날수록 사업성이 떨어져 매각이 더 어려워진다. 2020년 공사가 중단된 전북 군산 '수페리체 임대아파트(492세대)'와 제주 '레이크샤이어공동주택(38세대)'는 아직도 공매가 진행 중이다.20년 넘게 방치돼 '도심 속 흉물'로 전락한 극단적인 사례도 있다. 인천 효성동 '다소미 아파트'는 2003년 착했지만 분양 사기와 시공사 부도 등으로 사업이 중단돼 20년 넘게 방치 중이다. 충북 제천 '광진아파트'는 2005년 공사 중단 이후 20년째 방치되다, 지난 4월에야 제천시가 소유권을 확보하고 철거 절차에 들어갔다.이창무 한양대 도시공학과 교수는 ""건설원가는 계속 오르는 반면, 인구 감소로 수요는 감소하고 개발 이익이 점점 줄어 미분양이나 공사 중단에 이르는 현장이 늘고 있다""며 ""장기간 방치된 공사 현장은 외관 문제를 넘어 범죄나 안전사고로 이어질 수 있어, 심각한 경우 지자체가 강제 철거를 검토할 필요도 있다""고 지적했다.이현 기자 lee.hyun@joongang.co.kr"
https://www.joongang.co.kr/article/25341974,"조기 대선과 함께 급등했던 세종시 아파트값이 다시 관망세로 돌아섰다. 대통령실 세종 이전에 대한 기대감으로 4월 이후 집값이 급등했지만, 이재명 대통령이 청와대 보수 후 복귀하겠다는 입장을 밝히자 시장 분위기가 빠르게 식고 있다.박경민 기자7일 한국부동산원에 따르면 6월 첫째 주(2일 기준) 세종 아파트값은 0.07% 상승했다. 전주(0.10%)보다 상승 폭이 줄었고, 4월 넷째 주(0.49%)와 비교하면 7분의 1 수준으로 둔화했다. 4월 둘째 주(0.04%)부터 상승세는 이어지고 있지만, 5월 말 이후 상승률이 눈에 띄게 줄었다.거래량도 주춤하다. 6일 국토교통부 실거래가시스템에 따르면 세종 아파트 거래량은 지난 2월 345건, 3월 737건, 4월 1327건으로 가파르게 증가했으나 5월에는 475건에 그쳤다. 실거래 신고 기간이 남아있음을 고려해도 4월 수준을 회복하기는 쉽지 않아 보인다. 매물도 쌓이고 있다. 6일 부동산 플랫폼 아실에 따르면 세종시 아파트 매물은 8886건으로 한 달 전(8461건)보다 5% 늘었다.일부 단지에서는 호가도 조정되고 있다. 나성동 나릿재마을2단지 전용면적 84㎡ 고층 매물은 지난 4일 10억2000만원에 나왔다. 지난 4월 28일 이 아파트 동일 면적(47층)이 12억8000만원에 거래됐다. 반곡동 수루배마을1단지 전용면적 96㎡(14층)는 4월 초 9억8000만원에 거래됐으나, 최근 같은 면적 매물 호가는 8억2000만원까지 떨어졌다.세종시 다정동의 한 공인중개사는 “원래 세종 부동산이 말 한마디에 오르락내리락하지 않느냐”며 “선거 끝나고 보자며 매물 걷어간 집주인도 많았고, 대통령이 청와대로 들어간다고 하니 '세종시로 내려오려면 시간이 오래 걸리겠다'는 분위기가 퍼지며 매수세도 잠잠해졌다”고 말했다.박경민 기자세종 집값은 지난 4월 윤석열 대통령 탄핵 이후 이재명 당시 더불어민주당 후보를 비롯해 주요 대선 후보들이 대통령실과 국회 세종 이전을 공약하며 급등세를 보였다. 4월 28일 기준 세종 아파트 가격 상승률(0.49%)은 4년 8개월 만에 최고치였다. 하지만 최근 이 대통령이 청와대를 보수해 대통령 집무실로 사용하겠다는 계획을 밝히면서 집값 상승세는 둔화했다.선거 전후로 세종시 부동산 요동친 것은 이번이 처음이 아니다. 민주당이 ‘행정수도 완성’을 공약했던 2020년에는 세종시 아파트 매매가격지수가 44.93% 급등하며 전국 1위를 기록했다. 하지만 이후 계획이 좌초되자 2021년 -0.78%, 2022년 -1.26%, 2023년 -4.15%, 지난해 -6.46% 등 4년 연속 하락세를 이어갔다. 2017년 대선 당시에도 국회 세종 분원 설치 이슈로 집값 변동성이 커진 바 있다.윤지해 부동산R114 리서치팀장은 ""행정수도 이전 기대감은 이미 대선 전 가격에 선반영돼 있어, 구체적인 로드맵이 나오기 전까지는 현 수준을 유지할 것""이라며 ""과거에도 급등락한 전례가 있기 때문에 섣불리 투자에 나서는 것은 주의해야 한다""고 말했다.이현 기자 lee.hyun@joongang.co.kr"
https://www.joongang.co.kr/article/25343091,"경기 부진이 이어지면서 ‘산업용 부동산 시장’ 불황이 깊어지고 있다. 수요 부족에 공장·창고·지식산업센터 거래량이 급감하고, 물류센터 매물 적체와 공실 리스크도 해소될 조짐이 보이지 않는다.김영옥 기자11일 국토교통부 실거래가공개시스템에 따르면 올해 전국 공장·창고(동식물 관련 시설 등 포함) 거래량은 10일 기준 4494건으로 전년 같은 기간보다 20% 감소한 것으로 나타났다. 울산을 제외한 전 지역이 줄었다. 지역별로는 전북(-41.7%)이 가장 많이 감소했다. 대구(-34.8%), 경북(-32.8%), 강원(-29.7%) 등지도 감소 폭이 컸다. 수도권도 15.6% 줄었다.계속된 경기 침체로 생산시설을 줄이거나, 재무 구조 개선을 위해 매각을 추진하는 기업이 늘었기 때문이라는 분석이 나온다. 공장·창고 매매를 전문으로 하는 K공인중개사무소 관계자는 “폐업하거나 사업을 축소하는 중소제조업체가 늘면서 공장과 창고 매물은 쌓여 가는데 수요가 따라붙지 않는다”고 전했다.김영옥 기자과거 ‘아파트형 공장’으로 불렸던 지식산업센터 역시 경기 둔화 직격탄을 맞았다. 부동산플랫닛에 따르면 올 1분기 전국 지식산업센터 거래량은 552건으로 전 분기 대비 43%, 전년 동기보단 45% 감소했다. 최근 5년 새 가장 낮은 수치다. 2021년 1분기(2164건)와 비교하면 4분의 1 수준이다.수요가 줄면서 올 1분기 3.3㎡당 평균가격(1468만원)은 전년 동기 대비 12.2% 떨어졌다. 정수민 부동산플래닛 대표는 “지식산업센터 시장은 경기 둔화에 따른 기업 수요 위축, 누적된 공급 물량 등 복합적인 악재가 작용하면서 거래량과 거래금액 모두 하락세를 보였다”고 분석했다.내수 침체로 물류 수요가 감소하면서 물류센터 사정도 악화일로다. 대기업이 소유하거나 임차한 매물이 속출하는가 하면 오랜 기간 임차인을 찾지 못하는 물류센터가 적지 않다. 알스퀘어에 따르면 지난해 말 기준 전국 상온 물류센터 공실률은 16%, 저온 물류센터는 38.5%에 달한다. 업계 관계자는 “매물로 나온 대형 물류센터는 해외자본이 저가 매수에 나서고 있지만, 중소형은 매물 적체가 심각하다”고 말했다.김영옥 기자텅 빈 물류센터가 늘면서 신규 공급도 바닥을 치고 있다. 코람코자산운용에 따르면 올 1분기 신규 물류센터 공급면적은 전년 동기 대비 84% 감소한 것으로 나타났다. 하나금융연구소는 최근 보고서에서 “물류센터는 신규 착공 감소에도 수요 둔화와 공급 과잉으로 공실 리스크가 지속하고 있다”며 “공실 및 미매각 위험이 커지면서 프로젝트파이낸싱(PF) 등 자금 조달이 급감하고 있다”고 밝혔다.실제로 산업용 부동산 시장으로 들어오는 돈줄도 줄고 있다. 한국은행이 전날 발표한 산업별 대출금 통계에 따르면, 올해 1분기 부동산업 대출금은 전 분기 대비 2조5000억원 감소했다. 부동산업 대출이 준 것은 2013년 1분기 이후 처음이다.이에 산업·상업용 등 비주거용 부동산 시장에 초점을 맞춘 대책 마련이 필요하다는 목소리도 커지고 있다. 최근 한국부동산분석학회 학술대회에 발제자로 나선 김준형 명지대 부동산학과 교수는 “중장기 수요를 고려하지 않은 채 산업용지와 물류센터, 지식산업센터 등이 공급되면서 과잉 공급과 수요 부족 사이클이 반복되고 있다”며 “새 정부는 비주택 부동산에 대한 정책 수립에도 나서야 한다”고 주장했다.김태윤 기자 pin21@joongang.co.kr"
https://www.joongang.co.kr/article/25342931,"수도권의 한 산업단지 내에 공장을 매각한다는 현수막이 붙어있다. 정종훈 기자경기 부진이 이어지면서 ‘산업용 부동산 시장’ 불황이 깊어지고 있다. 수요 부족에 공장·창고·지식산업센터 거래량이 급감하고, 물류센터 매물 적체와 공실 리스크도 해소될 조짐이 보이지 않는다.11일 국토교통부 실거래가공개시스템에 따르면 올해 전국 공장·창고(동식물 관련 시설 등 포함) 거래량은 10일 기준 4494건으로 전년 같은 기간보다 20% 감소한 것으로 나타났다. 울산을 제외한 전 지역이 줄었다. 수도권 소재 공장·창고 거래량(2608건)은 15.6% 감소했고, 지방(1886건)은 25.3% 줄었다. 지역별로는 전북(-41.7%)이 가장 많이 감소했다. 대구(-34.8%), 경북(-32.8%), 강원(-29.7%) 등지도 감소 폭이 컸다.계속된 경기침체로 생산시설을 줄이거나, 재무 구조 개선을 위해 매각을 추진하는 기업이 늘었기 때문이라는 분석이 나온다. 공장·창고 매매를 전문으로 하는 K공인중개사무소 관계자는 “폐업하거나 사업을 축소하는 중소제조업체가 늘면서 공장과 창고 매물은 쌓여 가는데 수요가 따라붙지 않는다”고 전했다.김영옥 기자과거 ‘아파트형 공장’으로 불렸던 지식산업센터 역시 경기 둔화 직격탄을 맞았다. 부동산플랫닛에 따르면 올 1분기 전국 지식산업센터 거래량은 552건으로 전 분기 대비 43%, 전년 동기보단 45% 감소했다. 최근 5년 새 가장 낮은 수치다. 2021년 1분기(2164건)와 비교하면 4분의 1토막 수준이다.지식산업센터 거래 한파는 수도권과 지방을 가리지 않았다. 수도권은 전 분기 대비 42.1%, 지방은 51.4% 감소했다. 수요가 줄면서 올 1분기 3.3㎡당 평균가격(1468만원)은 전년 동기 대비 12.2% 떨어졌다. 정수민 부동산플래닛 대표는 “지식산업센터 시장은 경기 둔화에 따른 기업 수요 위축, 누적된 공급 물량 등 복합적인 악재가 작용하면서 거래량과 거래금액 모두 하락세를 보였다”고 분석했다.김영옥 기자내수 침체로 물류 수요가 줄면서 물류센터 사정도 악화일로다. 대기업이 소유하거나 임차한 매물이 속출하는가 하면 오랜 기간 임차인을 찾지 못하는 물류센터가 적지 않다. 알스퀘어에 따르면 지난해 말 기준 전국 상온 물류센터 공실률은 16%, 저온 물류센터는 38.5%에 달한다. 업계 관계자는 ""매물로 나온 대형 물류센터는 해외자본이 저가 매수에 나서고 있지만, 중소형은 매물 적체가 심각하다""고 말했다.텅 빈 물류센터가 늘면서 신규 공급도 바닥을 치고 있다. 코람코자산운용에 따르면 올 1분기 신규 물류센터 공급면적은 전년 동기 대비 84% 감소한 것으로 나타났다. 하나금융연구소는 최근 보고서에서 “물류센터는 신규 착공 감소에도 수요 둔화와 공급 과잉으로 공실 리스크가 지속하고 있다”며 “공실 및 미매각 위험이 커지면서 프로젝트파이낸싱(PF) 등 자금 조달이 급감하고 있다”고 밝혔다.김영옥 기자실제로 산업용 부동산 시장으로 들어오는 돈줄도 줄고 있다. 한국은행이 10일 발표한 산업별 대출금 통계에 따르면, 올해 1분기 부동산업 대출금은 전 분기 대비 2조5000억원 감소했다. 부동산업 대출이 준 것은 2013년 1분기 이후 처음이다.상황이 이렇자, 산업·상업용 등 비주거용 부동산 시장에 초점을 맞춘 대책 마련이 필요하다는 목소리도 커지고 있다. 최근 한국부동산분석학회 학술대회에 발제자로 나선 김준형 명지대 부동산학과 교수는 “중장기 수요를 고려하지 않은 채 산업용지와 물류센터, 지식산업센터 등이 공급되면서 과잉 공급과 수요 부족 사이클이 반복되고 있다”며 “새 정부는 비주택 부동산에 대한 정책 수립에도 나서야 한다”고 주장했다.김태윤 기자 pin21@joongang.co.kr"
https://www.joongang.co.kr/article/25342654,"본궤도에 오른 압구정 재건축이 속도를 내고 있습니다. 사업 주체인 조합 설립에 이어 재건축의 밑그림인 정비계획 수립이 활발한데, 하반기에 첫 시공사 선정이 이뤄질 예정입니다. 시공사가 정해지면 이후엔 사업시행인가·관리처분·착공 등으로 이어지며 재건축에 가속도가 붙게 됩니다. 사업 순항과 함께 매매시장도 들떴습니다. 신고가 행진을 이어가며 가격이 치솟아 평당(공급면적 기준) 2억원을 돌파했습니다.그런데 압구정은 재건축 사업성 성적이 아주 저조한 곳입니다. 사업성이 낮은데 비싼 가격에 들어가더라도 괜찮을까요.압구정 전경.압구정 재건축은 6개 특별계획구역으로 나눠 진행됩니다. 6구역을 제외하고 2~5구역이 2021년 조합을 설립하고 정비계획을 마련하고 있습니다. 1구역은 추진위를 구성했지만 아직 조합 설립 전입니다. 2~5구역은 서울시 신속통합기획 추진 단지로 2023년 7월 서울시의 신속통합기획 가이드라인이 수립됐습니다. 각 조합은 가이드라인을 반영한 정비계획안을 강남구에 제출했고 구는 주민공람, 구의회 의견 청취 등 절차를 진행한 뒤 서울시에 정비계획 결정을 요청했습니다.2구역의 사업 속도가 가장 빠릅니다. 지난 3월 처음으로 정비계획을 수립했습니다. 2구역은 역시 처음으로 이달 시공자 선정 입찰공고를 내고 9월 시공자를 선정할 계획입니다. 벌써 국내 시공능력 1, 2위인 삼성물산과 현대건설이 물밑경쟁을 벌이고 있습니다.그런데 압구정 재건축은 겉보기와 달리 사업성이 열악합니다."
