date,content
2025-06-15,"서울시내 아파트의 모습. 2025.5.26/뉴스1 ⓒ News1 지난달 서울 ‘강남 3구(강남·서초·송파구)’ 아파트 전세가율(매매가 대비 전세가)이 역대 최저치를 기록했다. 전세가율 하락은 아파트값이 전셋값보다 더 큰 폭으로 올랐음을 의미한다. ‘똘똘한 한 채’ 경향이 여전한 가운데 하반기 금리 인하 전망과 대출 규제 강화 우려에 매매 수요가 몰린 것으로 풀이된다.  15일 KB부동산에 따르면 지난달 서울 강남구 아파트 전세가율은 전월(40.7%) 대비 0.3%포인트 하락한 40.4%로 집계됐다.  서초구와 송파구 아파트 전세가율도 각각 전월보다 0.6%포인트, 0.3%포인트 감소하며 44.8%, 42.8%로 하락했다. 강남 3구 모두 KB부동산이 서울 자치구 전세가율 통계를 집계한 2013년 이후 가장 낮은 수준으로 떨어졌다.  서울 전체 아파트 전세가율은 53.4%로 전월(53.5%)보다 0.1%포인트 줄었다. 서울 25개 자치구 중 15곳의 아파트 전세가율이 전월 대비 감소했다.  서울 아파트 전세가율의 감소세는 올해 2월 토지거래허가구역이 해제되면서 강남권 중심으로 집값이 급등하면서 촉발됐다. 최근엔 다음 달 3단계 스트레스 총부채원리금상환비율(DSR) 시행이 예고되면서 규제 이전에 매매하려는 수요자가 늘며 아파트값을 자극했다는 전망이 나온다."
2025-06-15,"서울 강남구 티몬 본사 . 2024.7.29/뉴스1 ⓒ News1 이커머스 티몬 인수를 진행중인 오아시스마켓이 티몬 내 희망퇴직과 직무 전환을 시행하며 논란이 일고 있다.  15일 유통업계에 따르면 오아시스마켓은 지난달 티몬 임직원을 대상으로 선제적 희망퇴직을 진행하고 비영업직 직원 전원을 영업직으로 전환했다. 지난달 말 기존 티몬에 남은 140여 명 직원 중 50명 가량이 희망퇴직을 신청한 것으로 알려졌다.  희망퇴직을 통해 티몬을 떠난 일부 직원들은 “오아시스 측이 인수 조건인 고용 보장 약속을 어기고 사실상 구조조정에 나섰다”고 주장했다. 4월 서울회생법원을 통해 최종 인수예정자로 선정되는 과정에서 오아시스 측은 5년 간의 종업원 고용을 보장했는데 이를 어겼다는 설명이다.  오아시스 측은 인력 감축 및 구조조정을 위한 희망퇴직이 아니라는 입장이다. 오아시스 관계자는 “인수 후 정상화를 위해 이직을 생각하는 사람들, 사업 방향에 안 맞는 사람들을 내보낸 것”이라며 “희망퇴직을 진행한 이들에겐 위로금을 지급할 것”이라고 했다.  한편 티몬은 20일 서울회생법원에서 관계인집회를 열고 지난달 법원에 제출한 회생계획안을 심의·결의할 예정이다. 관계인집회에서 회생계획안이 가결될 경우 오아시스의 티몬 인수가 확정되며, 이를 위해선 채권 규모 기준 회생채권의 3분의 2, 회생담보권 4분의 3 이상을 가진 이해관계자의 동의가 필요하다."
2025-06-15,"5월 서울 아파트 거래량 증가, 신고가 경신 단지 속출 “아파트 주민들 얘기를 들어보니 요즘 부동산공인중개사사무소에서 집 팔 생각 없냐고 묻는 전화가 자주 온다고 한다. 지금 내가 사는 ‘마포래미안푸르지오’ 25평형은 5월에 신고가 19억 원을 달성했다. 내 집은 20억 원에 팔라고 해도 안 팔고 싶다.”(서울 마포구 마포래미안푸르지오 주민 A 씨)  “5월 들어 아파트 매입 문의 전화는 꾸준히 오는데 집주인들은 이재명 정부가 들어선 이후 아파트 가격이 더 오를 거라고 판단해 호가를 높이거나 매물을 거둬들이고 있다. 당분간 계속해서 신고가가 나올 것으로 보인다.”(서울 서초구 래미안원베일리 인근 부동산공인중개사 B 씨)  서울시의 토지거래허가구역(토허구역) 확대·재지정 영향으로 감소했던 서울 아파트 거래량이 5월 다시 증가했다. 6월 10일 기자가 만난 부동산공인중개사들은 “6월에도 5월과 비슷한 양의 매입 문의가 있어 당분간 신고가가 계속 경신될 것”이라며 사그라지지 않는 시장 열기를 전했다. 다만 부동산시장 관계자들은 올해 아파트 가격 상승률이 문재인 정부가 출범한 2017년만큼 높지는 않을 것으로 분석했다.  “6월 첫째 주도 매입 문의 꾸준” 공인중개사들은 “아파트 매입 문의가 토허구역 해제 다음 달인 3월 급증했다가 토허구역 확대·재지정 이후인 4월에 감소했으나 5월 들어 다시 3월 수준으로 회복했다”고 입을 모았다. 이러한 시장 흐름은 통계로도 뒷받침된다. 6월 11일 서울부동산정보광장에 따르면 서울 아파트 매매량은 3월 1만227건으로 전달(6605건)보다 약 55% 증가했다(그래프 참조). 4월에는 5401건으로 급감했다가 5월 6358건으로 늘었다. 5월 체결된 거래의 신고 기한이 이달 말까지인 점을 고려하면 5월 매매량은 7000건 안팎까지 증가할 전망이다.  거래량이 늘면서 가격도 오름세다. 한국부동산원의 6월 첫째 주(5월 27일~6월 2일) ‘주간 아파트 가격 동향’에 따르면 서울 아파트 매매 가격은 전주 대비 0.19% 상승했다. 상승폭이 전주(0.16%)보다 커지면서 5주 연속 확대됐다.  곳곳에서 신고가도 이어졌다. 잠원동 ‘신반포2차’ 107㎡(이하 전용면적)는 5월 13일 54억5000만 원에 거래되며 최고가를 기록했다. 3월에는 이 아파트 같은 평형이 45억~48억 원대에 거래된 바 있다. 반포동 ‘아크로리버파크’ 84㎡도 5월 1일 56억5000만 원에 거래되며 신고가를 썼다. 같은 평형이 2월 47억9000만 원에 거래됐는데, 10억 원 가까이 오른 것이다.  아크로리버파크 인근 공인중개사 C 씨는 “원래도 아파트에서 어떤 풍경이 보이냐에 따라 매매가가 10~20%가량 차이가 날 수는 있다”면서도 “최근 아크로리버파크 매입 희망자 수 대비 매물 양이 적어서 풍경에 따른 평소 가격 차이보다 매매가가 더 오른 것은 사실”이라고 말했다.   6월 10일 서울 서초구 한 부동산공인중개사사무소에 아파트 매물 정보가 게시돼 있다. 임경진 기자 zzin@donga.com 서울 마포구 대장 아파트인 ‘마포래미안푸르지오’는 5월 모든 평형에서 최고가 거래가 나왔다. 인근 공인중개사 D 씨는 “‘지금 아파트를 매입하지 않으면 앞으로 가격이 더 올라 아파트를 살 기회조차 사라지지 않을까 걱정’이라고 얘기하는 분이 많다”고 말했다. 이 아파트 주민 E 씨는 “아파트 가격이 많이 올랐다고 해서 시장 동향을 파악할 겸 부동산공인중개사사무소에 들렀다”며 “공인중개사가 지금 매입 희망자는 많은데 매물이 없다고 한다”고 전했다.   주담대 수요 몰려 ‘대출 오픈런’까지 아파트 거래가 늘어난 데다 7월 총부채원리금상환비율(DSR) 규제 강화를 앞두고 대출을 받으려는 선수요가 겹치면서 5월 금융권 전체 주택담보대출(주담대) 증가폭은 8개월 만에 최대치를 기록했다. 6월 11일 금융당국에 따르면 5월 주담대 증가폭은 5조6000억 원이다. 전달(4조8000억 원) 대비 확대된 수준이며, 지난해 9월(6조8000억 원) 이후 최대 폭이다.  주담대를 받으려고 ‘대출 오픈런’을 하는 사태도 벌어지고 있다. 일일 건수가 제한된 저금리 대출을 받기 위해 은행 애플리케이션을 미리 켜두고 있다가 대출 접수 가능 시간에 맞춰 빠르게 신청하는 것이다. 아파트 구매 잔금 때문에 7월 초까지 대출을 받아야 한다는 한 30대 직장인은 “5월부터 6월 첫째 주까지 매일 대출 오픈런을 했지만 성공하지 못했다”며 “잔금 기한이 한 달밖에 남지 않아 금리가 비싼 은행에서라도 대출을 받으려 한다”고 전했다.  박원갑 KB국민은행 수석전문위원은 올해 서울 아파트 시장 움직임에 대해 “이재명 정부 출범 전 이미 서울 아파트 거래량이 크게 늘었기 때문에 문재인 정부 출범 후 아파트 거래나 가격이 폭발했던 흐름이 올해 재현될 확률은 높지 않아 보인다”며 “3월 서울 아파트 거래량이 올해 정점이 될 가능성이 크다”고 말했다. 이어 박 수석전문위원은 “그렇다고 아파트값이 바로 떨어질 것 같지는 않다”면서 “이 대통령이 양도소득세나 종합부동산세 등 세금 중과 정책으로 집값을 잡지 않겠다고 밝힌 만큼 고가 아파트가 몰려 있는 강남과 용산 일대 아파트값은 오름세가 유지될 것으로 보인다”고 덧붙였다.  [이 기사는 주간동아 1493호에 실렸습니다]"
2025-06-14,"서울 집값 9개월 만에 최대폭 상승…시장 과열 ‘경고음’ 강남 3구·마용성 주도…정부 “맞춤형 규제책 논의” 서울 송파구 롯데월드타워 스카이전망대에서 바라본 강남 3구 (강남·서초·송파구) 아파트단지. 뉴스1 서울 강남발 집값 급등세가 강북과 외곽 지역까지 확산하며 시장 과열 조짐이 뚜렷해지고 있다. 정부는 핀셋 규제와 대출 제한 등 맞춤형 고강도 대책을 검토하며 대응 수위를 조율 중이다.  강남 3구·마용성 집값 급등…강북·외곽으로 확산  14일 한국부동산원에 따르면 6월 둘째 주 기준 서울 아파트 매매가격은 전주 대비 0.26% 상승해 40주 만에 가장 높은 주간 상승률을 기록했다. 강남 3구(강남·서초·송파구) 등 핵심 지역이 집값 상승을 주도했으며, 오름폭이 낮던 강북과 주변 지역도 상승 흐름에 동참하는 모습이다.  특히 송파구는 0.71%로 서울 자치구 가운데 가장 높은 상승률을 나타냈고, 강남구(0.51%), 서초구(0.45%), 강동구(0.50%), 성동구(0.47%), 마포구(0.45%), 용산구(0.43%) 등 주요 지역이 일제히 큰 폭으로 올랐다.  거래량도 점진적으로 회복되고 있다. 5월 서울 아파트 거래량은 6827건으로 4월 5409건을 크게 웃돌았으며, 6월 말까지 신고가 이어질 경우 7000건을 무난히 넘길 것으로 보인다. 거래 증가세는 강남권뿐 아니라 강북, 노원, 금천 등 외곽 지역까지 확산하고 있어 시장 전반에 매수 심리가 확대되는 양상이다.  최근 집값 급등은 복합적인 요인이 작용한 결과로 풀이된다. 금리 인하 기대감, 대출 규제 강화 전 ‘막차’ 수요, 공급 부족 우려, 새 정부 출범에 따른 정책 불확실성 해소 등이 주요 요인으로 꼽힌다.  무엇보다 7월부터 시행하는 3단계 DSR(총부채원리금상환비율) 규제를 앞두고 대출 수요가 급증하며 매수세를 자극했다.  여기에 내년 서울 아파트 입주 예정 물량이 2만 4000가구에 불과해 공급 부족 우려가 매수 심리를 더욱 부추기고 있다. 이는 최근 10년간 연평균 아파트 공급량(약 3만 5000~4만 9000가구)에 크게 못 미치는 수준으로, 서울 적정 수요(연 4만 7000가구 내외)의 절반에 불과하다.   이형일 기획재정부 장관 직무대행 1차관이 12일 정부세종청사 중앙동에서 열린 ‘제17차 부동산 시장 및 공급상황 점검 전담반 회의’를 주재하고 있다. (기획재정부 제공) 2025.6.12 정부, 핀셋 규제·대출 제한 등 맞춤형 대책 검토  정부는 지난 12일 부동산 시장 점검 TF를 열고 “서울 시장 상황이 심각하다”고 진단했다. 조정대상지역, 투기과열지구, 토지거래허가구역 등 확대 지정과 대출 규제 강화 방안이 집중적으로 검토되고 있다.  조정대상지역으로 지정되면 대출 한도 축소, 다주택자 양도세 중과, 청약 1순위 요건 강화, 분양권 전매제한 등의 규제가 적용된다. 투기과열지구 확대 시에는 주택담보대출비율(LTV)·총부채상환비율(DTI) 한도 축소, 재건축·재개발 조합원 지위 양도 제한 등 추가 조치가 뒤따른다.  과거 집값 급등기마다 정부는 핀셋 규제와 대출 제한 카드를 반복적으로 사용해 왔다. 대표적으로 2017년 8·2 대책에서는 서울 전역을 투기과열지구로, 강남 등 15개 구를 투기지역으로 지정하며 규제 강도를 높였다.  당시에는 민간택지 분양가상한제, 재건축 조합원 지위 양도 금지, LTV·DTI 한도 축소, 15억 원 초과 주택담보 대출 금지, 자금조달계획서 제출 의무화 등 다양한 조치가 시행됐다.  단기적으로는 집값 상승세를 억제하는 효과가 있었지만, 규제의 풍선효과로 수요층이 비규제지역으로 이동하는 현상과 공급 부족, 시장 심리 변화에 따라 집값이 다시 반등하는 한계가 반복됐다.  전문가들은 현재 시장이 실수요자를 중심으로 매수세가 강하게 형성돼 있으며, 공급 부족 우려가 해소되지 않는 이상 집값 상승 흐름이 쉽게 꺾이기 어렵다고 보고 있다.  심형석 우대빵부동산연구소 소장은 “정부가 핀셋 규제책을 꺼내더라도 실수요자 보호와 투기 차단이라는 ‘두 마리 토끼’를 모두 잡기 위해서는 재건축·재개발 활성화, 공급확대 등 구조적인 대책이 병행돼야 한다”고 지적했다.  (세종=뉴스1)"
2025-06-14,"[돈의 심리] 투자로 연 10% 이상 고수익 올릴 능력 있기 때문 투자로 큰돈을 번 A가 있다. A는 지난해 억대 세금을 낼 일이 있었다. 10억 원에 가까운 액수였다. 액수가 크다 보니 최대 10년까지 분납할 수 있었다. 하지만 나눠서 낼 경우 이자를 지불해야 했다. 연이율은 3%대였다.  A는 10년 분납을 신청했다. 1년에 1억 원 정도씩 10년간 내기로 했다. 추가되는 이자는 약 2억 원이었다. A의 주변 사람들은 A의 결정을 이해하지 못했다. A에게 당장 세금 낼 돈이 없다면 이자를 부담하더라도 분납하는 것이 맞다. 하지만 A에게는 세금 낼 돈이 있었다. 그런데 왜 아까운 이자를 부담하면서까지 분납을 하려 하는가. 주변 사람들은 돈이 있는데도 굳이 3%대 이자를 추가로 부담하는 A를 보며 의아해했다.  돈 있는데 왜 세금 분납하나  마찬가지로 투자로 돈을 번 B가 있다. B는 서울 강남 아파트에 월세로 살고 있다. 한 달 월세는 수백만 원대다. 마찬가지로 B의 주변 사람들은 B의 선택을 이해하지 못한다. 집을 살 돈이 없어 월세로 지낸다면 이해할 수 있다. 하지만 B는 월세로 거주 중인 아파트를 살 돈이 있다. 대출을 전혀 받지 않아도 그 아파트를 매입할 수 있을 정도다. 그런데도 B는 아파트를 사지 않고 월세로 지낸다. 집을 매입하기 싫은 거라면 전세로 살아도 되는데, 전세도 시도하지 않는다. 매달 수백만 원 돈을 아깝게 월세로 지출한다. B의 부모는 B에게 월세로 살지 말고 집을 매입하라고 충고하지만 B는 귀 기울여 듣지 않는다.  A와 B의 주변 사람들은 이런 선택을 이해하기 어렵다고 한다. 하지만 나는 A와 B의 선택을 이해할 수 있다. 나라도 A나 B처럼 할 것이다. 돈이 있으면서 3%대 이자를 내고, 수백만 원짜리 월세를 사는 선택을 할 것 같다. 돈의 속성을 아는 사람, 특히 투자자는 A와 B처럼 선택하는 게 맞다. 그래야 점점 더 큰 부자가 될 수 있다.  돈과 관련해 가장 중요한 능력은 무엇일까. 돈을 버는 능력, 돈을 관리·보전하는 능력도 있어야 하지만 가장 중요한 건 돈을 불리는 능력이다. 가진 돈을 기반으로 돈을 계속 불려 나가는 능력이 핵심이다.  성경 마태복음 25장에는 유명한 달란트 비유가 나온다. 어떤 사람이 다른 나라에 가면서 하인 3명에게 각각 금 5달란트, 2달란트, 1달란트씩을 맡겼다. 금 5달란트, 2달란트를 받은 하인 2명은 그 돈으로 장사해 돈을 불렸다. 그런데 1달란트를 받은 하인은 그 돈을 고이 갖고만 있다가 그대로 주인에게 돌려줬다. 주인은 돈을 불린 하인들에게 이렇게 말했다. “잘하였도다. 착하고 충성된 종아, 네가 적은 일에 충성하였으매 내가 많은 것을 네게 맡기리니 네 주인의 즐거움에 참여할지어다.” 반대로 돈을 보관만 한 하인에게는 “악하고 게으른 종아. 나는 심지 않은 데서 거두고 헤치지 않은 데서 모으는 줄로 네가 알았느냐”라며 그의 1달란트를 빼앗아 10달란트를 가진 하인에게 줘버렸다. 이 달란트 비유의 의미가 무엇이냐에 대해서는 이런저런 말이 많다. 하지만 확실한 건 돈을 잃지 않게 관리하는 것보다 돈으로 돈을 버는 것을 훨씬 더 가치 있게 여긴다는 점이다. 돈으로 돈을 버는 능력, 그게 인간 사회에서 잘살아가는 데 필요한 능력 중 하나이고, 부자가 점점 더 큰 부자가 되는 근본적 원리다.   가진 돈이 충분한데도 서울 강남 아파트에 월세로 거주하는 부자들이 있다. GETTYIMAGES 연 1~2% 수익률로는 실질자산↓  1억 원 현금이 있다고 치자. 이 돈을 1년 동안 얼마로 불릴 수 있는가. 앞으로 5년 동안 어느 정도 평균 수익률을 낼 수 있는가. 기준점은 3개다. ①물가상승률(연 2~3%) 이하 수익률 ②물가상승률과 은행권 대출금리(연 5~7%) 사이 수익률 ③대출금리 이상 수익률이다.  먼저 물가상승률 이하 수익률을 내는 경우다. 연 1~2%로 돈을 불리기는 쉽다. 은행에 예금을 하면 된다. 그러나 물가상승률 이하로 수익을 내는 건 실질적으로 돈을 잃는 것이나 마찬가지다. 시간이 지나면 지날수록 실질자산은 줄어들기 때문이다. 이런 사람이 재산을 늘리려면 일해서 돈을 버는 수밖에 없다. 그런데 나이가 들면 노동으로 돈을 벌기가 점점 더 어렵다. 결국 어느 순간 노동 수입이 없어지면 그때부터는 재산이 줄어들기 시작한다. 이런 경우에는 한때 부자였다고 해도 계속 부자로 남기 어렵다. 점점 더 큰 부자가 되는 일도 없을 것이다.  둘째는 물가상승률보다 높지만 대출금리보다는 낮은 수익률을 올리는 경우다. 이때는 실질자산 규모가 줄지는 않고 조금씩 늘어난다. 그러나 자기 돈으로만 자산을 늘릴 수 있다. 은행에서 대출을 받아 투자하거나 다른 사람의 돈을 이용하지는 못한다. 생활비 등으로 돈을 빼거나 하면 실제로는 돈이 늘어나지 않을 수도 있다. 부자로 남기는 하겠지만, 점점 더 큰 부자는 되기 힘들다.  셋째는 대출금리 이상의 수익률을 올리는 경우다. 이때는 빌린 돈에 대한 이자를 지급하고도 수익이 난다. 그러면 은행에서 대출을 받거나 다른 사람에게 돈을 빌리는 등 소위 ‘레버리지’를 이용해 돈을 벌 수 있다. 정말 돈으로 돈을 버는 단계가 되는 것이다. 부자가 점점 더 큰 부자가 된다.  A는 지금 당장 10억 원 세금을 낼 수 있지만 연 3%대 이자를 부담하면서 10년간 나눠 내기로 했다. A가 투자 등으로 연 3% 수익을 올리지 못한다면 이건 잘못된 결정이다. 이자를 부담하지 않고 빨리 내는 게 맞다. 하지만 A가 그동안 계속해서 연 3% 이상 수익을 내왔다면 A의 결정은 맞다. 돈을 운용해 3% 이상 수익을 얻고, 그 수익금으로 이자를 내면 A에게는 더 큰 이익이다. A의 주변 사람들은 연 3%대 수익을 자신할 수 없어 지금 당장 세금을 내는 게 낫다고 생각하는 것이고, 연 3% 이상 수익을 얻을 자신이 있는 A는 세금을 늦게 내는 게 더 나은 선택인 것이다.  B는 아파트를 매입할 수 있는 충분한 돈이 있는데도 월세로 산다. 한국에서 아파트 월세는 보증금까지 고려했을 때 연 3~5% 수준이다. 자금을 운용해 이 정도 수익을 얻을 수 없다면 월세로 살지 않고 아파트를 매입하는 게 맞다. 하지만 5% 이상 수익을 얻을 수 있다면 월세로 살면서 돈을 운용하는 게 정답이다. 아파트를 사두면 아파트 가격이 올라 수익이 생길 테니, 그래도 아파트를 사는 게 맞지 않을까. 지난 30년간 서울 아파트 가격 평균 상승률은 연 7% 정도다. 장기적으로 연 7% 수익을 올릴 수 없다면 아파트를 매입하는 게 맞고, 그 이상 수익을 올릴 자신이 있다면 매입하지 않는 게 맞다. 그래도 강남 아파트는 무조건 사두는 게 이익 아닐까. 강남 아파트는 다른 지역보다 훨씬 많이 올라 30년간 연 10% 상승했다. 연 10% 수익률을 올릴 수 없다면 강남 아파트를 매입하는 게 좋고, 연 10% 이상 수익률을 올릴 수 있다면 그냥 월세로 사는 게 답이다. 투자로 연 10% 이상 수익을 얻어온 B는 강남 아파트를 매입할 수 있어도 하지 않는다. 그게 본인에게 더 큰 이익이기 때문이다.  낼 돈 미룰수록 이익인 사람들  현대 자본주의 사회에서는 부자가 점점 더 큰 부자가 된다고 한다. 하지만 이건 사실이 아니다. 돈을 이용해 대출금리 이상 수익률을 올릴 수 있는 사람만 더 큰 부자가 될 수 있다. 지금 제아무리 부자라고 해도 돈을 이용해 물가상승률을 넘어서는 수익률을 올릴 수 없는 사람은 실질자산이 감소한다. 물가상승률과 대출금리 사이 수익률만 올리는 경우도 재산은 유지하겠지만 점점 더 큰 부자가 되진 못한다.  여기서 돈을 이용해 돈을 번다는 말은 꼭 주식이나 부동산 등 투자만 뜻하는 건 아니다. 가진 돈을 자본금 삼아 사업으로 돈을 불리는 것도 포함된다. 어떤 식으로든 돈을 활용해 더 큰돈을 만들 수 있는 능력을 지녔는지가 중요하다. 이건 자본주의 사회냐 아니냐도 상관없다. 이런 능력이 있는 사람은 자본주의가 아니라 과거 봉건사회, 조선 사회에서도 부자가 될 수 있었다.  스스로에게 물어보자. 수중에 1억 원이 있다면 연간 몇 %까지 돈을 불릴 수 있는가. 만약 20%대라면 워런 버핏 수준의 세계적인 부자가 될 수 있다. 10%만 돼도 한국에서 최고 부유층이 될 수 있고, 5%만 넘어도 충분히 부자 소리를 들을 수 있을 것이다. 가진 돈이 점점 늘어나는 부자가 되기 위해 필요한 건 바로 이런 능력이고, 이 능력을 갖추면 점점 더 큰 부자가 될 수 있다.   최성락 박사는… 서울대 국제경제학과를 졸업하고 서울대 행정대학원에서 행정학 박사학위, 서울과학종합대학원에서 경영학 박사학위를 취득했다. 동양미래대에서 경영학과 교수로 재직하다가 2021년 투자로 50억 원 자산을 만든 뒤 퇴직해 파이어족으로 지내고 있다.  〈이 기사는 주간동아 1493호에 실렸습니다〉"
2025-06-13,"용산정비창 전면1구역 포스코이앤씨 홍보관 브리핑룸 포스코이앤씨가 여의도 파크원에서 입증한 ‘책임임차’ 조건을 용산정비창 전면1구역에 소개하며 조합원들의 주목을 받고 있다.  이번 제안은 단순 시공 참여를 넘어, 공실 리스크에 대해 시공사가 업무시설의 활성화까지 직접 관여하는 이례적인 방식이다. 포스코이앤씨는 여의도 파크원 개발 당시 책임준공과 더불어 오피스 공간에 대한 책임임차 방식을 적용한 바 있다.  당시 포스코이앤씨는 약 6만5000 평에 달하는 대규모 업무시설을 중심으로 핵심 키테넌트를 유치하고, 기업 맞춤형 시공까지 직접 수행한 것으로 알려졌다. 이러한 경험은 단지 건설뿐 아니라 공간의 기획·유지·운영까지 총괄한 사례로, 포스코이앤씨가 단지의 사후 가치까지 고려한 실행력을 가진 시공사임을 의미한다고 강조했다.  포스코이앤씨 관계자는 홍보관에서 설명을 통해 “책임임차는 단순한 대물변제와는 다르다 상권 활성화와 업무시설 유치, 자산 가치 극대화까지 제안하는 조건”이라며, “단순 시공을 넘어, 준공 이후까지 용산정비창의 업무시설을 활성화 시키는 것이 목표”라고 말했다.  더불어 포스코이앤씨는 해당 사업지에서 9호선 여의도역과 파크원을 지하로 연결하는 연결통로 공사에 참여한 것으로 알려졌다. 이는 단순 시공에 그치지 않고, 유동인구 유입과 상권 활성화까지 고려한 복합적 실행 사례다.  이러한 ‘도시를 연결하는 프로젝트의 행정력과 기술력’은 이번 용산정비창 사업에서도 활용될 예정이다. 포스코이앤씨는 용산정비창 전면1구역에 ‘포스코 빅링크’ 전략을 제안했으며, 이 중 ‘역사 빅링크’는 용산정비창 전면1구역에서 용산역과 신용산역을 하나의 지하 네트워크로 연결해 업무·상업시설의 접근성과 수익성을 동시에 극대화하겠다는 전략이다.  포스코이앤씨는 입찰 전부터 오랜 기간 해당 지하 연결에 대한 사전타당성 검토를 마쳤으며, 이미 여의도 파크원과 지하철 9호선 여의도역의 지하연결을 포함하여 다수의 사례를 통해 실적과 인허가 행정력을 입증했다고 설명했다.  포스코이앤씨 관계자는 “용산정비창 전면1구역을 단순히 재개발하는 것으로 보지 않는다”며 “앞으로 다가올 용산의 ‘NEW YBD(Yongsan Business District)’ 시대에서 용산정비창 전면1구역은 그 중심이 될 것이라고 확신한다”고 말했다.  이어 “포스코이앤씨는 여의도 파크원처럼 공간을 기획하고 도시를 연결하며, 건물의 가치와 도시 활성화를 끌어올린 실적이 있는 실행력 있는 회사”라며 “그렇기에 용산정비창 전면1구역에 가장 적합한 파트너로서 조합원들과 신뢰를 구축할 계획”이라고 강조했다."
2025-06-13,"천사·명지·연세·노블케어…. 8층 상가 외벽에 간판이 빼곡하다. 모두 이 건물에 입주한 요양원이다. 바로 옆 건물도, 그 건너편 상가에도 요양원 간판이 보인다. “이 동네 상가 중에 요양원 없는 건물이 없어요.” 인근 교회 직원에 동네 분위기를 물으니 돌아온 대답이다.  경기도 고양시 일산동구 중산1동. 1기 신도시 일산의 끝자락인 이곳 상가들 곳곳엔 오래전 떠난 점포의 흔적이 남아있다. 왕수학·청운학원·올림피아드수학…. 상가 입구 유리문엔 ‘윤선생영어교실’이란 빛바랜 스티커가 여전히 붙어있지만 그 안은 요양원이다. 그 대비가 묘하다. 트럭에 이삿짐을 싣고 있던 학원 관계자를 붙잡고 여기가 혹시 예전엔 학원가였냐고 물어봤다. “한때는 꽤 학원이 많았던 학원가였다고 이 동네 오래 사신 분이 얘기하더라고요.” 그 영어학원은 신축 아파트가 있는 옆 동네로 이사 간다고 했다.   크게보기 한땐 ‘중산동 학원가’로 불렸던 이 곳은 이제 일산에서 노인요양시설이 가장 많은 지역이 됐다. 6.9%. 중산1동 주민 중 15세 미만 유소년 비율이다(일산 전체는 10.2%). 일산 23개 동 중에서도 최하위권(20등)이다. 대신 65세 이상 고령층 비중은 23.3%로 높고(일산 전체 17.4%), 일산에서 요양원이 가장 많은(2024년 기준 31개, 일산 전체는 118개) 곳이기도 하다.  30년 전엔 정 딴판이었다. 1994~1995년 고층아파트가 대단지로 들어선 이곳은 일산에서도 가장 젊은 축에 속했다. 초·중·고등학교가 모여있는 지역이라 집집마다 어린아이들이 있었다. 중산초등학교에 학생이 넘쳐서 나중에 초등학교가 하나 더 들어서기도 했다.  중산1동은 1기 신도시인 일산에서도 지난 30년 동안 인구 구조가 가장 극적으로 바뀐 동네다. 일산에 속한 모든 동 중에서 이 지역 유소년 인구 비율은 1997년 4위(총 17개 동)→2008년 8위(총 20개 동)→2017년 12위(총 20개 동)→2025년 20위(총 23개 동)로 떨어졌다.    중산1동 인구구조 변화  Bar chart with 3 data series. 자료: 행정안전부, 경기도 (행정구역 개편으로 1997년은 일산2동, 2008년과 2017년은 중산동, 2025년은 중산1동 통계를 인용. 중산1동만 따로 통계를 낸다면 변화폭은 이보다 클 수 있다) View as data table, 중산1동 인구구조 변화 The chart has 1 X axis displaying categories. The chart has 1 Y axis displaying values. Range: 0 to 100. 중산1동 인구구조 변화 자료: 행정안전부, 경기도 (행정구역 개편으로 1997년은 일산2동, 2008년과 2017년은 중산동, 2025년은 중산1동 통계를 인용. 중산1동만 따로 통계를 낸다면 변화폭은 이보다 클 수 있다) 28.4​28.4 20.7​20.7 12.1​12.1 6.9​6.9 66.9​66.9 71.1​71.1 76​76 69.8​69.8 4.7​4.7 8.3​8.3 11.9​11.9 23.3​23.3 0~14세 15~64세 65세 이상 1997 2008 2017 2025 0% 25% 50% 75% 100% End of interactive chart. 초등학생·중학생 아이 둘과 함께 1995년 입주한 김모(70)씨는 중산마을의 젊었던 시절을 기억한다. “학원이 상당히 많았지. 이 근방에선 중산 학원가가 제일 커서, 저쪽 탄현에서도 애들이 여기로 왔을 정도였어요. 좋은 학원, 시험 봐가지고 학원생을 모집하는 그런 학원들도 많았다니까.”  하지만 아이가 줄고 학원도 떠나면서 10년쯤 전부터 요양원이 하나둘씩 늘어났다. “학원이 많이 줄었죠. 후곡 학원가에서 여기까지 학원 셔틀이 다니거든요. 셔틀로 15분이면 가니까, 큰 학원은 거기로 다니죠. 최근 한 달 새 아파트 매매가 2건 있었는데, (매수인이) 모두 60대셨어요. 아무래도 여기가 조용하고 공기 좋고 집값도 저렴하니까.”(일신부동산 공인중개사)   크게보기 이희주 일산문고 사장님은 1997년 서울에서 하던 서점을 접고 일산신도시로 진출했다. 학생은 많은데 서점은 부족했던 시절이라 장사가 잘 됐다. 하지만 온라인 쇼핑과 지역의 고령화로 손님 발길은 서서히 뜸해졌고, 결국 28년 만에 문을 닫는다. 그 역시 이 동네에서 두 아이를 키웠지만, 어른이 된 자녀들은 모두 다른 지역에 살고 있다. 폐업 준비로 서가 군데군데가 비어있지만, 여전히 3만권의 책이 남아있다. “어젠 안내문자 보고 90대 단골 손님이 찾아오셨더라고요. 중산동에 서점 이거 하나인데 없어지면 어쩌냐고요.”  1997년부터 중산1동에서 일산문고를 운영해 온 이희주(68) 씨는 지난 9일 ‘경영난으로 7월 20일까지만 영업한다’는 문자를 일부 회원들에게 보냈다. 온라인 시대, 동네서점이 문 닫는 게 그리 새로운 일은 아니다. 그래도 늘 같은 자리를 붙박이처럼 지켜온 100평짜리 서점의 영업 중단 소식은 충격인가보다. 문제집을 계산하던 세 모녀 손님이 이 씨로부터 폐업 소식을 듣고 놀란 듯 몇초간 입을 벌린 채 말을 못했다. 엄마는 “이제 어떡하지?”라며 당황했고, 아이는 “나 이제 문제집 안 사도 돼?”라며 장난쳤다.  “처음 오픈했을 땐 막 사람들이 구경 왔죠. 줄을 서서 계산하고 그랬고. 일산에 이런 큰 서점 자체가 거의 없었으니까. 그 뒤로 한동안은 대형서점이 막 늘어났어요. 정글북, 초원서점. 이젠 다 문 닫았지.”  그 시절 일산문고 주 고객은 학생과 학부모였다. 문제집이 매출의 70~80%를 차지했다. 엄마들은 큰 애를 등교시킨 뒤 작은 애를 유모차에 태운 채 서점에 와서 문제집을 고르곤 했다. 학생들은 오후 하굣길에 들러 소설책을 뒤적거렸다.  “그땐 매출이 괜찮았어요. 지금보다 배 이상 됐죠. 그때 작성한 노트를 보니까, 당시에도 장사가 이렇게나 됐는데 지금은….”  1997년 노트엔 매일의 매출이 빼곡히 기록돼 있었다. 어떤 날은 68만원, 다른 날은 74만원, 많은 날은 100만원도 찍었다. 지금은 매출로 가게 월세 내기도 빠듯한 수준이다. “단골손님한테는 좀 미안하긴 한데, 인건비도 안 나오는 걸 붙잡고 있으면 괜히 시간 낭비만 하는 것 같아서요.”  “문 닫자고 결정하셨을 때, 그땐 하루에 손님이 몇 명 정도 왔나요?” 이 질문에 이씨의 표정이 순간 흐려진다. “말하기도 창피할 정도라….”  옛날의 꼬마 단골손님들은 어른이 되면서 일자리를 찾아 다른 동네로 떠났다. 대신 친정에 왔다가 한 번씩 아이 손을 잡고 서점에 들르곤 한다. “아직도 있나 보러 왔어요”라며 반갑게 찾아왔던 그 옛 단골들과도 이젠 이별이다.   크게보기 사장님은 본인 이름과 슈퍼마켓 상호는 기사에 쓰지 말아달라고 했다. 대신 슈퍼 내부 모습은 찍을 수 있었다. 선반이 많이 비어있다. “그땐 점심 때 애들이 어찌나 몰려드는지 막 밀어냈을 정도야. 100원짜리 불량식품, 그거 사 먹으려고 한꺼번에 몰려드니까. 한 5년 정도는 장사가 참 잘 됐어요.”  임모(65)씨는 1998년 중산1동 대로변 상가 한켠에 작은 슈퍼마켓을 열었다. IMF 외환위기로 실직한 남편과 새로운 동네에서 새롭게 시작했다. 외환위기로 한국 경제가 최악이었던 1998년이지만, 그의 슈퍼마켓엔 손님이 끊이지 않는 풍족했던 시절이었다.  여전히 가게 문은 매일 아침 연다. 하지만 선반은 휑하다. “반품 때문에 물건을 잘 갖다 놓지 않아요. 반품 많으면 눈치 보이니까. 빵은 결국 뺐어요. 요새는 빵집에서 사지 이런 구멍가게에서 안 사. 어떨 땐 반품 안 생기게 하려고 우리가 막 먹는다니까.”  그나마 꾸준한 건 담배 손님이다. 종종 새로운 담배 손님이 찾아오기도 한다. 보통은 새로 이사 온 어르신이다. “여기가 일산의 거의 끝쪽이거든요. 젊은 사람들은 일자리 찾아서 떠났고, 대신 서울에서 집을 팔고 여기로 이사 오는 어르신들이 몇 년 전부터 갑자기 많이 보여요. 집값이 차이 나니까, 집 팔아서 남은 돈 가지고 생활하려는 거지.”  임씨 슈퍼마켓 옆 가게는 공실이다. 언제부턴가 대로변 상가도 군데군데 비어갔다. “옛날엔 1층이 빈다는 건 상상할 수도 없었는데. 요즘 여기는 생겼다 하면 요양원밖에 없고…. 요양원이 늘면 장사하는 사람들은 안 좋아요. 어르신들은 소비할 게 없거든.”  그래도 임씨가 장사를 계속 이어가는 건 자기 소유 가게라 임대료 부담이 없어서다. “지금은 뭐 가게 운영이라고도 할 수가 없어요. 그냥 가게 세를 안 내니까, 붙들고 있는 거죠. 30년 가까이 맨날 아침에 눈 뜨면 나온 그 자리를 없앨 수가 없더라고요.”   크게보기 중산1동의 흔한 상가 모습. 건물 이름은 ‘아카데미타운’이지만 5개층에 요양원 3곳이 입주해있다. 30년 전 중산마을에 고층아파트가 들어설 때 입주했던 30~40대 학부모들이 이제 60~70대가 됐다. 부부는 살던 집에 그대로 남았지만 30대가 된 그 자식들은 대부분 떠났다. 지하철역이 없어 대중교통이 불편한 마을, 산 가깝고 공기 좋은 마을엔 점점 노인 부부만 남게 됐다.  중산1동은 고층아파트로 가득 들어찬 동네다. 어르신 대부분은 아파트를 자가로 소유하고 있다. 임대아파트가 많은 근처 다른 동네보다 형편은 오히려 나은 편이다. 동네가 지저분해지거나 슬럼화할 일도 없다. 중산1동 행정복지센터 이영재 동장은 “유해환경도 없고, 유동 인구도 많지 않아서 아주 깨끗하고 쾌적한 살기 좋은 환경”이라고 강조했다. 그의 말대로 거리는 정말 깨끗했다. 다만 지나다니는 사람이 없고 너무 조용하다 못해 적막하다.  동네에 노령층이 갈수록 늘면서 가장 걱정되는 문제는 빈곤보다는 치매 같은 건강 문제, 그리고 고독이다. 행정복지센터의 김현주 사회복지사는 이렇게 말한다. “혼자 남겨지실 경우에 돈이 있는 것과 별개로 도와줄 수 있는 사람이 있고 없고의 문제가 크거든요. 그냥 방치해둘 순 없는 문제인 거죠.”  낡은 상가 건물들이 죽 늘어선 대로변에 공사가 한창인 새 건물이 하나 있다. 큰 창문이 있는 주황 벽돌색 5층 건물은 오래된 거리에서 홀로 2020년대 감성을 풍겼다. 언뜻 보면 카페와 음식점이 들어올 것만 같은 외관이지만 아니었다. 중산1동의 유일한 새 건물은 큰 요양원이 될 거라고 했다.  “아직은 괜찮은데 10년 뒤, 20년 뒤엔 이 동네는 어떻게 될까요?” 이틀에 걸친 취재를 마칠 무렵 떠오른 이 질문을 아파트 관리사무소 직원에게 던졌다. “저도 그게 걱정이에요. 지금도 온통 어르신밖에 없는데…”라는 대답이 돌아왔다. By.딥다이브  *이 기사는 6월 13일 발행한 딥다이브 뉴스레터의 온라인 기사 버전입니다. ‘읽다 보면 빠져드는 경제뉴스’ 딥다이브를 뉴스레터로 구독하세요. https://www.donga.com/news/Newsletter"
2025-06-13,"수도권 전용 59㎡ 분양가 7억…1년새 13.5% 올라 청약시장서 전용 84㎡ 보다 경쟁률 약 2배 높아 매매가도 상승세…서울 평균 매매가 8억3297만원 6월 첫 주 서울의 아파트 매매가격이 강남3구(강남·서초·송파) 등 선호지역을 중심으로 18주 연속 상승세를 이어갔다. 5일 한국부동산원의 전국 주간 아파트가격 동향 조사 결과에 따르면 지난 2일 기준 전국 아파트 매매가격(-0.02%→0.00%)은 하락에서 보합으로 전환됐으며 수도권(0.03%→0.05%)은 상승폭이 커졌다. 서울(0.16%→0.19%)도 강남3구 등을 중심으로 오르며 상승폭이 커졌다. 사진은 5일 서울 시내 아파트. 2025.06.05. [서울=뉴시스] 서울의 소형 아파트 분양가가 최근 1년간 23.9%나 상승한 것으로 나타났다. 소형 아파트에 대한 수요가 늘면서 매매가도 상승세를 보이고 있다.  13일 분양평가 전문회사 리얼하우스에 따르면 5월말 기준 최근 1년간 전국에서 분양된 전용면적 59㎡ 민간아파트의 평균 분양가는 4억8473만원으로 전년 동월(4억4420만원) 대비 9.12% 올랐다.  서울의 전용 59㎡ 평균 분양가는 12억3332만원으로 전년 동월(9억9565만원) 대비 23.87%나 급등했다. 수도권 전용 59㎡ 평균 분양가는 7억119만원으로 전년 동월(6억7068만원) 대비 13.49% 상승한 것으로 나타났다.  올해 서울에서 분양한 단지의 전용 59㎡ 분양가는 10억원을 훌쩍 넘긴다. 서초구 ‘래미안 원페를라’ 전용 59㎡ 최고 분양가는 17억9650만원이었고, 힐스테이트 메디알레가 최고 11억5000만원, 고척 푸르지오 힐스테이트는 최고 10억원으로 책정됐다.  최근 청약시장에서는 소형 아파트에 대한 선호도가 높아지면서 국민평형으로 불리는 전용 84㎡ 보다 높은 청약 경쟁률을 보이고 있다. 올해 1분기 청약시장에서는 전용 59㎡ 타입이 전용 84㎡보다 약 2배 높은 청약 경쟁률을 기록했다.  부동산 전문 리서치업체 리얼투데이가 한국부동산원 청약홈 자료를 분석한 결과, 1분기 전용 59㎡ 타입 아파트 1순위 청약 경쟁률은 평균 23.34대 1을 기록했다. 이는 같은 기간 전용 84㎡ 타입 경쟁률인 12.97대 1보다 약 1.8배 높은 수치다.  소형 아파트 매매가격도 상승세다. KB부동산 월간 주택가격 동향에 따르면 서울 소형 아파트 평균 매매가격은 올해 1월 7억9860만원에서 5월에는 8억3297만원으로 약 3400만원 상승했다.  업계에서는 1~2인 가구가 늘고 있는 가운데 소형 아파트는 상대적으로 가격 부담도 적어 선호도가 높아지고 있는 것으로 보고 있다.  그러나 소형 아파트의 분양가는 물론 매매가도 상승세를 보이고 있어 수요자들의 주거비 부담도 가중될 것이란 우려가 나온다.  리얼하우스 김선아 분양 분석팀장은 “소형 아파트 가격이 서민이 더 이상 들어갈 수 없는 가격이 되는 것은 막을 수 있도록 공급확대와 동시에 분양가격을 안정시킬 수 있는 묘책이 부동산 대책에 담겨야 할 것”이라고 말했다.  [서울=뉴시스]"
2025-06-13,"정부 추산… 전국 평균 1억328만원 서울은 100만∼3억9000만원 차이 19년전 도입… 李대통령측 “일단 시행” 재건축조합 “실제 부과땐 소송” 반발… “재건축 위축, 주택공급 지연” 우려도 서울 서초구 반포센트레빌아스테리움(옛 반포 현대) 단지 전경. 새 정부가 출범하면서 재건축초과이익환수제(재초환)에 따른 재건축 부담금 부과가 임박했다는 전망이 나오는 가운데, 정부가 추산한 서울 재건축 부담금은 가구당 평균 1억4741만 원으로 집계됐다. 개별 단지의 부담금은 적게는 100만 원부터 3억9000만 원까지 차이가 컸다. 2018년 재초환 제도가 부활한 뒤 지금까지 실제 부과 사례는 한 건도 없었던 만큼, 부과가 이뤄지면 부담금이 큰 단지 위주로 거센 반발이 예상된다.  ● 가구당 부담금 4억 원 육박한 단지도   크게보기 12일 국토교통부에 따르면 전국 재건축 부담금 부과 예상 단지는 이달 기준 58곳, 조합원 가구당 부담금 예상액은 평균 1억328만 원이었다. 서울 부과 예상 단지가 29곳으로 전국에서 가장 많았다. 이어 경기(11곳), 대구(10곳), 부산·광주(각각 2곳), 인천·대전·경남·제주(각각 1곳) 순이었다.  가구당 평균 부담금은 대전(3억2000만 원)이 가장 높았다. 다만 대전 부과 예상 단지는 1곳뿐이라 대표성 있는 금액으로 보긴 어렵다. 서울 가구당 평균 부담금은 1억4741만 원으로 대전 다음으로 높았다. 이는 국토부가 이달 기준 한국부동산원의 집값 통계와 재건축 단지의 추진 현황 등을 반영해 추정한 결과다. 부과 시점 집값 등에 따라 실제 부과 여부와 금액은 달라질 수 있다.  이번 결과는 1년 전에 비하면 단지 수와 부담금 모두 소폭 줄었다. 지난해 6월 기준 전국 부담금 부과 예상 단지는 68곳, 가구당 부담금은 평균 1억500만 원이었다. 서울은 31곳, 평균 1억6600만 원이었다.  단지 수와 부담금이 줄어든 건 1년 새 집값이 오른 영향이 크다. 재초환은 재건축으로 얻은 초과 이익이 조합원 가구당 8000만 원을 넘으면 해당 금액의 10∼50%를 부담금으로 환수하는 제도다. 초과 이익은 재건축 조합을 설립한 시점부터 준공 시점까지 오른 집값 상승분에서 재건축 단지가 있는 자치구 평균 집값 상승분과 공사비 등 사업 비용을 제외한 금액이다.  최근 신축과 준신축 위주로 집값이 크게 오르면서 재건축 단지의 초과 이익이 줄어든 것이다.  ● 조합들 “부과하면 소송 불사”  재초환은 2006년 노무현 정부 때 도입됐다. 과도한 개발이익을 환수해 투기를 막고 시장을 안정시키겠다는 취지였다. 하지만 이명박, 박근혜 정부에서 시행이 유예되면서 제도 자체가 사문화됐고 문재인 정부 시절인 2018년 부활했다. 이후 일부 구청이 부담금 예상액을 알렸지만 실제 부과는 이뤄지지 않았다.  윤석열 정부 들어 정부와 여당은 재초환이 재건축 사업을 가로막는 핵심 규제라며 폐지를 추진했다. 이에 구청들이 폐지 가능성을 고려해 부과를 미루면서 지금까지 부과 단지는 한 곳도 없다. 새 정부 출범으로 상황이 달라졌다. 대선 과정에서 이재명 대통령 후보 측은 재초환 부과 여부에 대해 “일단 시행하자”는 입장을 밝혔기 때문이다.  전국 재건축 조합 70여 곳이 모인 ‘전국재건축정비사업조합연대’(전재연) 이미희 공동대표는 “재건축 부담금 부과가 현실화하면 전재연 소속 조합들은 모두 행정소송을 하겠다는 입장이다”고 설명했다.  한국부동산원의 집값 통계가 조작됐다는 감사원의 발표도 부담금 부과의 걸림돌로 꼽힌다. 재건축 조합들은 문재인 정부 시절 한국부동산원 집값 상승률은 실제보다 낮게 조작된 만큼 이를 토대로 산정한 부담금은 받아들일 수 없다는 입장이다.  또 부담금 부과가 이뤄지면 서울 주택 공급이 더 위축될 수 있다는 우려도 나온다. 공사비 인상 여파로 재건축 사업성이 크게 떨어진 상황에서 가구당 최대 수억 원의 재건축 부담금까지 더해지면 사업 동력 자체를 잃을 수 있다는 지적이 나온다. 이창무 한양대 도시공학과 교수는 “부담금이 부과되면 조합원마다 수용 여부가 갈리면서 조합원 갈등이 심해질 것”이라며 “갈등이 많아질수록 사업 속도가 늦어져 재건축을 통한 도심 지역 공급이 지연되고 집값을 자극할 수 있다”고 했다."
2025-06-13,"크게보기 고덕 자연앤 하우스디 투시도. 대보건설 제공 경기 평택 고덕국제신도시 1단계의 마지막 민간참여 공공분양 아파트가 공급을 앞두고 있다. 경기주택도시공사가 시행하고 대보건설이 시공하는 ‘고덕 자연앤 하우스디(자연& hausD)’는 6월 말 견본주택을 열고 본격 분양에 나선다.  이 단지는 지하 1층~지상 23층, 총 7개 동, 517세대 규모로 조성된다. 전용면적은 84㎡A·B·C형 328세대, 98㎡형 189세대로 구성돼 중대형 중심의 평면 구성이 특징이다. 세대당 약 1.5대의 주차공간도 확보된다.  고덕 자연앤 하우스디는 분양가상한제를 적용받는 민간참여 공공분양 아파트다. 분양가상한제로 인해 시세 대비 가격경쟁력을 갖췄으며 민간 아파트 수준의 마감재와 커뮤니티 시설도 적용될 예정이다. 특히 고덕신도시 1단계에서 마지막으로 공급되는 공공분양 단지라는 점에서 희소성이 있다.  입지 조건도 눈에 띈다. 단지가 들어서는 A-4블록은 고덕 1단계의 중심지로 초등학교 예정 부지가 인접해 있고 고덕 중심상업지구 및 로데오 거리와도 가까운 위치다. 단지 앞에는 서정리역과 연결되는 BRT(간선급행버스체계) 정거장도 계획돼 있다.  광역 교통망 접근성도 강점으로 꼽힌다. 평택지제역과는 한 정거장 거리로 SRT와 KTX를 모두 이용할 수 있다. 향후 GTX-A·C 노선이 개통되면 수도권 접근성은 더욱 향상될 전망이다.  고덕 일대 산업시설과의 접근성도 우수하다. 삼성전자 평택캠퍼스를 비롯해 2027년 이전 예정인 평택시청 신청사, 일반산업단지 등이 가까워 직주근접 수요 흡수가 가능하다.  시장 반응도 긍정적이다. 인근 고덕신도시에서는 2023년 분양한 ‘고덕 자이 센트로’가 일반공급 89세대 모집에 4034건이 접수돼 평균 경쟁률 45.3대1을 기록했으며 2024년 6월 분양된 ‘서한이다음 그레이튼’은 전 세대가 완판됐다. 같은 달 분양한 ‘금성백조 예미지’는 최고 경쟁률 46대1, 평균 4.06대1의 경쟁률을 나타냈다.  고덕신도시 인근 부동산 중개업소 관계자는 “이번 단지는 공공분양으로 가격 부담이 낮고, 브랜드와 입지, 평면 구성도 우수해 실수요자와 투자수요 모두에게 관심을 끌 수 있을 것”이라고 말했다.  특히 전용 98㎡는 유주택자도 1순위 청약이 가능해 갈아타기 수요까지 흡수할 수 있다는 점에서 관심을 모은다. 고덕신도시 내에서는 중대형 평형에 대한 선호도가 지속적으로 높아지고 있어 실거주 중심의 청약 수요 유입이 예상된다.  시공사인 대보건설은 지난해 기준 약 1조7000억 원의 수주 실적을 기록하며, 건설경기 침체 속에서도 공공부문 강점을 기반으로 성과를 냈다. 지난해 매출은 1조 원을 돌파했고 민간·공공부문을 포함해 전국에 걸쳐 약 7만 세대의 주택 실적을 보유하고 있다.  대보건설 관계자는 “고덕 자연앤 하우스디는 합리적인 분양가와 우수한 입지, 상품성을 모두 갖춘 민간참여 공공분양의 대표 사례가 될 것”이라며 “고덕신도시 1단계 공공분양의 사실상 마무리를 장식하는 단지로 시장의 주목을 받고 있다”고 전했다."
2025-06-13,"시행 하루 전 은행에 공문 보내 서민전세대출 한도 축소 의식했나 크게보기 뉴시스 주택도시보증공사(HUG)가 전세대출과 전세금반환보증을 결합한 대출 한도를 조이려다가 시행 하루 전 유보했다.  13일 HUG에 따르면 HUG는 12일 은행에 공문을 보내 “당초 13일 시행 예정이었던 전세금안심대출보증 보증비율 하향 및 임차인 상환능력 심사 도입과 관련해 시행일을 유보할 예정”이라고 밝혔다. 전세금안심대출보증은 차주가 대출 원리금을 제대로 갚지 못할 경우 HUG가 대신 갚아주는 제도다. 쉽게 말해 전세대출을 받은 세입자가 전세반환보증을 동시에 가입하는 상품이다.  당초 HUG는 전세금안심대출보증을 내줄 때 보증 한도 산정 기준에 상환 능력을 추가할 계획이었다. 보증 한도를 정할 때 차주의 소득, 부채를 함께 고려하는 것이 핵심이다. 이렇게 하면 대출 상한액이 줄어들 수 있다. 당시 HUG는 변경안 시행 이유로 한국주택금융공사(HF), SGI서울보증 등 같은 제도를 운영하는 기관과 동일하게 기준을 바꾼 것으로 설명했다.  하지만 HUG가 갑작스럽게 시행일을 무기한 유보하면서 서민 대출 상품을 옥죈다는 비판을 의식한 것 아니냐는 지적이 나온다. 전세금안심대출보증 대상 주택은 수도권이 4억 원, 그 외 지역이 3억 원이었다. 대출 한도는 2000만 원이었다. HUG 측은 “고객 안내가 필요하다고 생각해 시행을 유보했다”고 설명했다."
2025-06-12,"‘부산 장안지구 우미린 프리미어’ 동해선 좌천역에 더블 역세권 기대 우미건설은 부산 기장군 장안읍에서 ‘부산 장안지구 우미린 프리미어’(사진)를 분양 중이라고 12일 밝혔다.  기장군 장안택지개발지구 B-1 블록에 들어서는 이 단지는 4개 동(지하 2층, 지상 25층), 419채 규모다. 전용면적은 59∼84㎡다.  단지 바로 앞에는 복합 상업시설인 ‘부산 프리미엄 아울렛’이 있다. 2023년 9월 2단계 리뉴얼을 통해 영업 면적을 1.5배로 확장했다. 이곳에는 약 270개 브랜드가 입점해 단지 근처에서 쇼핑뿐만 아니라 외식, 문화 생활까지 한곳에서 즐길 수 있다.  교통 환경도 우수하다. 동해선 좌천역을 이용하면 센텀역, 오시리아역 등 주요 거점으로 편리하게 이동할 수 있다. 부산 도시철도 노포∼정관선 1단계 사업이 예비타당성 조사 대상에 포함되면서 더블 역세권이 될 가능성도 있다. 또 장안 나들목을 통해 동해고속도로를 이용하면 부산 도심뿐만 아니라 울산 등 인접 지역으로 이동하기도 편리하다.  생활 인프라도 잘 마련됐다. 단지 주변에 초등학교 신설이 예정돼 있고 장안중, 부산장안고, 장안제일고가 도보권에 있다. 근처에 동남권원자력의학원 등 의료 시설도 갖췄다.  단지는 모든 가구가 남서향과 남동향으로 설계돼 채광과 통풍이 우수하다. 실내 공간 활용도를 높인 4베이 판상형 구조로 쾌적한 주거 환경을 누릴 수 있다. 입주민들의 주거 만족도를 높이는 다양한 커뮤니티 시설도 마련된다. 실내골프연습장과 피트니스클럽, 카페 등이 들어설 예정이다. 입주는 2027년 12월 예정."
2025-06-12,"교산 푸르지오 더 퍼스트 대우건설(대표 김보현)과 LH(대표 이한준)가 공급하는 ‘교산 푸르지오 더 퍼스트’의 정당계약을 7월 15일부터 8일간 진행한다. 단지는 지하 2층∼지상 최고 29층, 10개 동, 전용면적 51∼59㎡, 총 1115가구 규모다.  교산 푸르지오 더 퍼스트는 지난 7일부터 9일까지 진행된 청약 접수에서 7만8000여 건의 청약이 몰리며 그 인기를 입증한 바 있다. LH 측에 따르면 일반공급 201가구를 대상으로 지난 8∼9일 접수된 청약 건수는 총 5만2920건에 달해 평균 263대1의 경쟁률을 보이며 전 평형 마감에 성공했다. 특히 전용면적 59㎡ 타입은 최고 366대1이라는 경쟁률로 뜨거운 청약 열기를 보였다.  지난 7일 특별공급 청약도 2만5012건이 접수돼 평균 134대1의 경쟁률을 기록했다. 공공분양 물량임에도 불구하고 ‘푸르지오’ 브랜드 가치와 상품성이 소비자들에게 긍정적으로 작용한 것으로 분석된다.  상품적 측면에서도 차별화된 설계와 실용성이 강조된다. 전용 51㎡A 타입은 3베이 설계를 채택해 거실과 주방의 맞통풍이 가능하며 드레스룸, 현관 팬트리, 다용도실 등 다양한 수납공간이 확보돼 효율적인 공간 활용이 돋보인다. 또한 전용 59㎡ 타입은 4베이(일부 가구 제외) 구조가 적용돼 더욱 넓은 실내 공간과 체계적인 동선 구성이 특징이다.  단지가 위치한 3기 신도시 하남교산지구는 경기도 하남시 천현동, 교산동, 춘궁동 등에 걸쳐 조성되며 약 3만3000가구의 주택과 약 7만8000명의 인구 수용을 목표로 하고 있다. 주거와 일자리가 공존하는 자족도시로 설계됐으며 공원, 녹지, 교육 및 상업시설 등 다양한 생활 인프라가 조화를 이루는 균형 잡힌 도시 환경이 조성될 예정이다.  교통 여건도 뛰어나다. 수도권 전철 3호선(송파하남선, 계획)과 5호선 하남검단산역이 인접해 있을 뿐 아니라 중부고속도로, 수도권제1순환고속도로 등 광역 교통망 접근성도 우수하다. 향후 동남로 연결도로 및 서울∼양평고속도로도 계획돼 있어 교통 편의성은 더욱 향상될 전망이다. 교산 푸르지오 더 퍼스트 본보기집은 하남시 망월동 일원에 마련돼 있다."
2025-06-12,"강남 3구 이어 성동-마포 ‘풍선효과’ 정부 부동산TF “정책 총망라 검토” 서울 아파트값이 지난해 8월 이후 10개월 만에 가장 큰 폭으로 오른 것으로 나타났다. 올해 3월 토지거래허가구역 확대 지정 이후 꺾였던 집값 상승세가 5주 연속 가팔라지고 있다.  12일 한국부동산원이 발표한 주간동향에 따르면 이달 둘째 주(9일 기준) 서울 아파트값은 전주(0.19%)보다 0.26% 오른 것으로 집계됐다. 5월 첫째 주(0.08%) 이후 5주 연속 올랐다. 상승폭은 대출 규제인 2단계 스트레스 총부채원리금상환비율(DSR)이 시행되기 직전인 지난해 8월 셋째 주(0.28%) 이후 10개월 만에 가장 높았다.  ‘강남 3구’(강남·서초·송파구)는 토지거래허가구역으로 확대 지정된 3월 넷째 주 이후 가장 크게 올랐다. 송파구가 전주(0.50%)보다 0.71% 오르며 서울에서 상승폭이 가장 컸다. 강남구(0.51%)와 서초구(0.45%) 모두 상승폭이 확대됐다.  토지거래허가구역 인근으로 집값 상승세가 번지는 ‘풍선효과’도 나타나고 있다. 성동구(0.26%→0.47%)와 마포구(0.30%→0.45%), 강동구(0.32%→0.50%)는 매수세가 몰리며 상승 폭이 커졌다. 부동산원 측은 “재건축 추진 단지 등 선호 단지 위주로 매도 희망가격이 오르고, 상승 거래가 체결되는 등 서울 전체 상승세가 이어졌다”고 했다.  서울 집값이 들썩이자 정부는 이날 합동 부동산 시장 점검 태스크포스(TF) 회의를 열고 “시장 안정을 위해 가능한 정책수단을 총망라해 검토하겠다”고 밝혔다. 이를 두고 집값이 더 오르면 토지거래허가구역을 추가 지정하는 것 아니냐는 관측이 나온다. 지정 권한이 있는 오세훈 서울시장은 앞서 11일 서울시의회에 출석해 토지거래허가구역 추가 지정 가능성을 시사했다."
2025-06-12,"평택 고덕 금성백조 예미지 금성백조건설이 경기 평택 고덕국제신도시에 짓는 ‘평택 고덕 A48블록 금성백조 예미지’가 분양 중이다.  지하 1층∼지상 최고 23층, 5개 동, 전용면적 84㎡ 단일 면적, 총 431가구 규모다. 선시공 후분양 아파트로 2026년 8월 준공 예정인 만큼 빠른 입주가 가능하다.  단지는 고덕국제신도시 내에서도 국제학교가 들어서는 에듀타운 입지가 강점이다. 단지 인근 약 16만7000㎡ 규모의 에듀타운 부지에는 국제학교(예정), 특목고(예정) 등 명문 학군이 조성될 예정이다. 도보 거리에는 고덕함박초, 해창초, 해창중 및 학원가가 있어 자녀 교육에 최적화된 환경을 갖췄다. 여기에 평택시 최초의 종합 역사박물관인 평택박물관(예정), 어린이창의체험관(예정), 평택중앙도서관(예정), 평택아트센터(2025년 예정) 등도 들어설 계획이다.  살기 좋은 아파트로 정평이 난 ‘예미지’ 브랜드가 적용되는 만큼 다양한 설계와 상품도 눈길을 끈다. 모든 가구는 남향 위주 4베이·맞통풍 구조 설계로 채광과 통풍을 극대화했다. 특히 전용면적 84㎡C 타입은 5베이 설계를 적용해 실사용 공간을 넓히고 통합형 팬트리와 드레스룸·알파룸(유상 옵션) 등도 도입했다.  입주민들을 배려한 특화 설계도 눈길을 끈다. 지상으로 차가 다니지 않는 공원형 설계를 적용해 광장 중심의 순환형 주동 배치로 쾌적한 생활을 누릴 수 있다. 또 단지 레벨을 1.2m 높여 저층 세대의 프라이버시를 보호했고 자녀들의 안전한 통학을 위해 드롭오프존, 맘스스테이션과 같은 시설을 마련했다.  이 외에도 전력 회생형 승강기, 태양광발전 설비, 대기전력 차단 장치 등 관리비 절감을 위한 다양한 특화 설계가 적용된다. 또 터치스크린 월패드와 스마트폰을 연동해 거실·안방·침실 조명 제어 및 가스·난방·전기의 사용량을 확인할 수 있도록 했다. 단지는 오는 17일 청약 당첨자를 발표하며 30일부터 7월 3일까지 4일간 정당계약을 진행한다.  본보기집은 평택대학교 맞은편(평택시 소사동 일원)에 조성돼 있다. 입주는 2026년 8월 예정이다."
2025-06-12,"포스코이앤씨 ‘어나드범어’ 교통·문화·공원 삼박자 포스코이앤씨는 옛 대구MBC 용지에 짓는 ‘어나드 범어’(사진) 본보기집을 열고 분양 채비에 나선다고 12일 밝혔다. 30일 특별공급을 시작하며 1순위 청약은 다음 달 1일에 받는다.  이 단지는 대구 수성구 범어동 1번지에 5개 동(지하 6층∼ 지상 33층) 규모로 아파트, 주거형 오피스텔, 상업시설 등이 함께 조성된다. 아파트는 4개 동 604채 규모이며 전용면적은 136∼244㎡P 등으로 대형 평형 위주다.  도보 10분 거리에 대구지하철 2호선 범어역이 있어 교통이 편리하다. 동대구로, 달구벌대로 등 대구 내 핵심 도로망을 이용하기도 쉽다. 단지 앞에 2030년 준공 예정인 대구 4호선(엑스코선)이 정차하는 벤처밸리네거리역 개통이 추진되는 점도 호재로 꼽힌다.  정주 환경도 우수하다. 범어초, 경신중, 경신고 등이 인근에 있고 수성구청역 학원가도 가깝다. 현대시티아울렛, 범어먹거리타운, 신세계백화점 등 문화·편의시설과 야시골공원 등 녹지시설을 갖춰 편리한 주거생활을 누릴 수 있다.  고급 커뮤니티 시설도 들어선다. 대구 최초로 입주민 전용 영화관이 들어서며 최상층에는 입주민 전용 스카이 커뮤니티가 조성된다. 스카이 커뮤니티에는 피트니스, 필라테스 등이 구성돼 도심을 내려다보며 운동할 수 있다. 가구 내부 마감재로는 이탈리아 주방가구 ‘다다’, 하이엔드 프리미엄 가구 브랜드 ‘아르모’ 등이 설치될 예정이다.  현관문 앞까지 가정식과 반찬을 배송하는 서비스도 제공한다. 입주민 전용 멤버십 서비스를 통해 문화, 여가, 맛집 이용 등을 돕거나 법무, 세무, 컨설팅 등 다양한 요청 사항을 지원하는 ‘비서 서비스’도 제공한다.  분양 관계자는 “설계부터 커뮤니티, 주거 서비스까지 심혈을 기울였다”며 “주거 품격을 높이는 단지를 만들 것”이라고 했다. 입주는 2026년 1월 예정."
2025-06-12,"롯데캐슬 르웨스트 풀 퍼니시드 적용… 즉시 입주 가능 가구 구성원 수 따라 평면 선택 서울 오피스텔 시장에서 반등 모멘텀이 포착되고 있다. 집값 및 분양가가 가파르게 치솟자 ‘내 집 마련’에 어려움을 느낀 수요자들이 아파트 대체재 격인 주거용 오피스텔로 눈길을 돌리고 있다.  그중에서도 서울의 대표 자족도시로 발돋움 중인 마곡지구 내에 들어선 ‘롯데캐슬 르웨스트’에 대한 관심이 증가하고 있다.  롯데건설이 서울 강서구 마곡도시개발사업지구 CP2블록에 선보인 롯데캐슬 르웨스트는 지하 6층∼지상 15층, 5개 동 규모로 오피스텔 전용 45∼103㎡, 총 876실과 판매시설, 업무시설, 부대시설 등으로 이뤄진 복합 주거 단지다. 지난해 8월 준공돼 즉시 입주가 가능하다.  롯데캐슬 르웨스트는 실거주 환경이 우수한 입지 여건이 강점으로 꼽힌다. 단지 지하에 마련된 통로를 통해 9호선 및 공항철도 환승역인 마곡나루역과 5호선 마곡역을 쉽게 이용할 수 있는 트리플 역세권 입지를 갖췄다.  여기에 마곡지구를 중심으로 형성돼 있는 각종 생활 인프라를 공유할 수 있고 마곡 MICE 복합단지 내 입점 완료된 이마트 트레이더스 등 대형 마트와 LG아트센터, 영화관 등 각종 편의시설도 쉽게 이용할 수 있다. 단지 앞으로 서울 서부권 최초의 전시·컨벤션센터인 ‘코엑스 마곡’과 프라임 오피스 등이 위치해 주거와 업무, 상업, 문화 기능을 갖춘 자족도시로 발돋움하게 되는 만큼 잠실 및 서울역과 함께 국내를 대표하는 ‘3대 MICE’ 거점으로 우뚝 설 전망이다.  쾌적한 주거 환경도 구현된다. 축구장 70개 크기에 달하는 약 50만 ㎡ 규모의 보타닉공원을 걸어서 이용할 수 있고 궁산근린공원 등도 지근거리에 있다. 특히 보타닉공원은 식물과 공원이 결합해 다양한 화초, 나무가 식재돼 있는 데다 산책로를 비롯해 남녀노소 모두 이용할 수 있는 다채로운 시설이 마련돼 있어 여가를 즐기기 좋다.  서울 핵심 업무지구로 탈바꿈한 마곡지구 내에 들어선 만큼 우수한 직주 근접 환경도 자랑한다. 도보 거리에 서울시가 연구개발 중심지로 조성한 마곡산업단지가 위치해 있다. 이곳에는 LG사이언스파크를 비롯해 롯데, 이랜드, 코오롱, 넥센타이어 등 국내 유수의 기업체가 모여 있고 향후 40여 개 기업체가 입주를 앞두고 있어 2027년까지 상주인구만 17만 명에 달할 것으로 추산된다.  롯데캐슬 르웨스트는 마곡지구 내 모처럼 들어서는 신축 브랜드 단지에 걸맞은 차별화된 상품성도 갖췄다. 다채로운 평면 구성과 1.5룸, 2룸, 3룸 설계를 통해 1인 가구부터 4인 가구까지 라이프스타일에 따라 선택할 수 있도록 했고 타입별로 발코니 면적을 제공해 실사용 공간을 넓혔다. 전용 69㎡ 타입은 3베이 판상형 구조를 적용해 통풍 효율을 극대화했고 전용 91㎡ 타입의 경우 3면 개방 타워형 설계를 통해 탁 트인 도심 뷰를 누릴 수 있게 했다.  여기에 이탈리아산 미끄럼 방지 타일을 필두로 벽과 상판, 주방가구 등도 라이히트, 조르다노, 밀레, 팔멕 등 해외 유명 브랜드 제품을 적용해 고급스러운 분위기를 더했다. 또한 각 실별로 현관 중문과 전기오븐을 비롯해 세탁기, 건조기, 김치냉장고, 냉장고 등의 가전도 무상 제공하는 ‘풀 퍼니시드’ 시스템을 적용해 수요자의 부담은 낮추고 편의성은 높였다.  지상 2층과 지하 2층에 마련된 커뮤니티 역시 지역 최고 수준을 자랑한다. 지상 2층에는 맘스라운지, 키즈카페, 1인 독서실, 스터디룸, 오픈스터디, 라이브러리, 라운지&바, 다이닝&카페, 와인라운지 등 남녀노소 모두 이용할 수 있는 다채로운 시설이 들어선다. 지하 2층에는 피트니스센터, 실내 골프클럽, 스크린골프, 라커룸, GX룸, 탈의실 등의 운동시설이 마련돼 있다."
2025-06-12,"‘리버센트 푸르지오 위브’ 5호선 영등포시장역 도보권… 1호선·KTX 정차역과도 인접 신안산선·GTX 등 개발 호재도 백화점, 대형마트, 종합병원 인접… 남향 위주 실용적 평면 서울 영등포구 영등포동5가 32-8번지 일원에 들어서는 ‘리버센트 푸르지오 위브’ 단지 투시도. 대우건설 제공 대우건설과 두산건설 컨소시엄은 이달 말 서울 영등포구 ‘리버센트 푸르지오 위브’를 분양할 예정이라고 12일 밝혔다. 영등포 뉴타운 사업 구역 중 하나인 ‘영등포 1-13구역’을 재정비해 공급하는 단지다.  서울 영등포구 영등포동5가 32-8번지 일원에 들어서는 리버센트 푸르지오 위브는 5개 동(지하 4층, 지상 33층) 659채 규모로 조성된다. 이 가운데 175채가 일반분양 물량이다. ‘국민평형’으로 불리는 전용면적 84㎡가 117채로 세 가지 평형 중 가장 많다. △76㎡ 41채 △59㎡ 17채 순이다.   크게보기 2003년 시작된 영등포 뉴타운 사업은 지하철 5호선 영등포시장역 근처 노후 상가나 주택을 허물고 4000여 채 규모의 신흥 주거지로 짓는 프로젝트다. 단지는 영등포 뉴타운 안에서도 핵심 입지에 들어선다. 특히 대우건설과 두산건설의 브랜드 프리미엄과 완성도 높은 설계, 교통·교육·생활 등 풍부한 인프라를 동시에 갖춘 단지로 평가된다.  우수한 교통 편의성이 가장 큰 장점으로 꼽힌다. 단지는 5호선 영등포시장역을 도보로 이용할 수 있다. 5호선을 타고 여의도를 비롯해 광화문 등 주요 업무지구를 포함한 서울 전역으로 쉽게 이동할 수 있다. 1호선과 고속철도(KTX)가 정차하는 영등포역과도 가깝다.  교통 편의성은 더욱 개선될 것으로 전망된다. 신안산선과 수도권광역급행철도(GTX) B노선이 영등포역에 정차할 예정이기 때문이다. 경기 시흥·안산시와 서울을 잇는 신안산선은 2026년 1월 개통 예정이다. 지난달 착공한 GTX B노선이 개통되면 인천 송도나 서울역, 청량리역까지의 이동 시간이 크게 줄어들게 된다. 경인고속도로, 올림픽대로, 서부간선도로 등 주요 간선도로와 가까워 교통도 편리하다.  단지 주변에는 교육 인프라가 잘 갖춰져 있다. 단지 가까이 영중초가 있어 도보 통학이 가능하다. 양화중, 영원중, 장훈고, 영등포여고 등 중고교도 근처에 있다. 특히 서울 서부권을 대표하는 목동 학원가와의 접근성도 좋다. 교육 환경을 중시하는 학부모 수요층의 관심이 클 것으로 예상된다.  생활편의시설도 다양하다. 영등포역 주변에는 타임스퀘어, 롯데백화점, 홈플러스, 코스트코 등 백화점과 대형마트가 몰려 있다. 영등포시장은 걸어서 이용할 수 있다. 이대목동병원, 한강성심병원 등 주요 종합병원이 인접해 있다. 영등포구청, 주민센터, 도서관, 문화공간 등 각종 공공·행정·문화 인프라와도 가깝다.  단지 모든 가구를 남향 위주로 배치해 일조와 조망권을 극대화했다. 일부 타입은 대우건설과 두산건설의 특화설계를 적용해 실용성을 더욱 높였다. 커뮤니티 시설로는 일상 편의와 여가 활동을 고려해 피트니스센터, 작은 도서관, 실내 골프연습장, 어린이집 등이 들어설 예정이다.  대우건설 관계자는 “교통, 교육, 생활 인프라를 골고루 갖춘 입지에 들어서는 브랜드 단지”라며 “영등포 뉴타운 정비사업 호재로 미래 가치도 풍부하다”고 강조했다. 입주는 2029년 1월 예정."
2025-06-12,"동남 하늘채 에디크 코오롱글로벌이 충북 청주시 상당구 방서동 일원에 건립되는 ‘동남 하늘채 에디크’의 본보기집을 오늘(13일) 오픈한다고 밝혔다.  동남 하늘채 에디크는 청주 동남 A-2블록 공공분양 사업의 일환으로 지하 3층∼지상 24층, 7개 동, 650가구 규모로 전 가구가 희소성 높은 전용면적 59㎡로 구성됐다. 공공택지에 공급되는 만큼 분양가상한제가 적용돼 시세 대비 합리적인 분양 가격이 책정될 전망이다.  향후 분양 일정은 오는 23일 특별공급을 시작으로 24일 1순위 청약 접수, 25일 2순위 청약 접수를 진행한다. 당첨자 발표는 7월 1일이며 분양권 전매 제한은 3년이다.  청주 동남지구는 잘 정비된 거리와 풍부한 인프라로 청주 내에서 선호도가 높은 지역으로 평가받고 있다. 동남지구는 충북 청주시 상당구 용정동, 용암동, 방서동, 운동동 일원 약 206만 ㎡의 부지에 1만5000여 가구가 입주하는 신도시급 개발 사업이다.  이번 동남 하늘채 에디크 분양은 동남지구 내 마지막 물량으로 이미 조성돼 있는 인프라를 입주 즉시 이용 가능하다. 현재 동남지구는 하늘채 에디크를 제외한 모든 주거 단지가 입주를 마친 상태다.  단지는 교통 여건도 뛰어나다. 청주 1·2·3순환로와 주요 간선도로 접근이 용이하며 중부고속도로 및 경부고속도로와도 인접해 있다. 단지는 하나로마트(청주점)가 가깝고 인근에 롯데마트(상당점), 롯데시네마(청주용암) 등 다양한 생활편의시설이 밀집해 있다. 공원을 비롯해 유치원, 초·중·고교까지 가깝게 자리한 ‘원스톱 인프라’를 갖췄다.  동남 하늘채 에디크 본보기집은 청주시 상당구 용암동 일원에 마련돼 있으며 자세한 정보는 공식 홈페이지를 통해 확인할 수 있다."
2025-06-12,"에코델타시티 아테라 금호건설(대표이사 조완석)의 신규 주거 브랜드 ‘아테라’가 부산에 첫선을 보인다.  금호건설은 부산 강서구 강동동 에코델타시티 A24블록에서 ‘에코델타시티 아테라’를 선착순 분양 중이라고 밝혔다.  단지는 지하 2층∼지상 16층, 16개 동, 전용 59·84㎡, 1025가구 규모로 조성된다. 민간참여 공공분양 사업으로 분양가상한제가 적용돼 합리적인 가격에 공급되며 입주는 2028년 3월 예정이다.  에코델타시티 아테라는 금호건설이 2024년 론칭한 신규 주거 브랜드 아테라의 부산 첫 진출 단지다. 아테라는 론칭 1년 만에 한국기업평판연구소의 ‘2025년 5월 아파트 브랜드평판’ 5위에 오르며 힐스테이트, 래미안, 롯데캐슬, 푸르지오와 함께 국내 대표 아파트 브랜드 반열에 올랐다. 지난해 7월 첫 톱10 진입 이후 꾸준히 상승세를 이어가며 신생 브랜드로는 이례적으로 톱5에 진입하는 성과를 기록했다.  에코델타시티 아테라는 중소형 평형으로 구성돼 주목을 받고 있다. 선호도 높은 전용 59㎡ 타입이 전체의 약 63%를 차지한다. 평면 설계 또한 실용성에 초첨을 맞췄다. 59㎡C 타입에는 파우더룸과 드레스룸을, 84㎡A 타입에는 홈바, 팬트리, 알파룸 등을 도입했다. 전 가구에 월패드, 스마트 스위치 등 첨단 시스템과 유리 난간 설계로 탁 트인 개방감을 제공한다.  단지는 최상층에 위치한 스카이라운지와 게스트하우스를 비롯해 실내체육관, 실내 골프연습장 등 고급 커뮤니티 시설이 갖춰진다. 여기에 키즈룸, 작은도서관, 청소년 문화공간, 독서실, 다함께돌봄센터 등 가족 중심의 특화 시설도 조성된다. 단지 바로 앞에는 유치원과 초등학교가 계획돼 ‘안심 학세권’을 형성하며 도보권에 중학교와 고등학교도 예정돼 있다. 인근에 ‘현대프리미엄아울렛 부산점(가칭)’이 조성될 예정이며 수변공원과 중심상업지구도 함께 개발돼 쾌적한 주거 환경이 기대된다.  교통망도 확충된다. 강서선(계획), 부전∼마산 복선전철(공사 중) 등 광역 교통망이 예정돼 있으며 복선전철의 ‘에코델타시티역’은 2028년 하반기 개통 예정이다. 본보기집은 부산시 사상구 광장로 일원에 위치한다."
2025-06-12,"호현 센트럴 아이파크 수도권 내 구도심 중 한 곳이라고 평가받던 ‘안양시 만안구’가 머지않아 신(新)주거타운으로 변한다. 풍부한 일자리, 다양한 교통 호재, 주거단지 공급 등 개발 계획이 잇따라 발표되면서 도시 전반의 혁신적인 변화가 예상된다.  주거 여건 개선은 삶의 질과 집값 향상으로 직결되는 만큼 안양시에 내 집 마련과 투자를 염두에 둔 이들이라면 호재 영향권에 있는 신규 단지 선점이 유리하다는 게 전문가들의 의견이다.  풍부한 수요 확보 예정된 일자리 창출 본격화  안양시는 향후 도시 성장을 견인할 핵심 동력으로 일자리 창출에 집중하고 있다. 대표적으로 박달스마트시티 조성사업과 박달 지식·첨단산업단지(빅테크안양) 조성사업이 있다.  박달스마트시티 조성사업은 박달동 일원 407만 ㎡에 추진되는 대규모 도시개발사업이다. 주거, 상업, 업무, 문화, 연구개발 기능을 복합한 스마트시티를 건설해 4차 산업혁명 시대를 선도하는 도시로 발돋움할 계획으로 4만여 명의 고용 창출 효과가 기대된다.  박달 지식·첨단산업단지 조성사업은 박달동 일원 약 39만 ㎡에 총사업비 1조3800억 원을 들여 정보기술, 생명공학, 나노기술 등 첨단산업 관련 기업 및 연구 시설을 유치할 예정이다. 안양시를 4차 산업혁명 시대의 핵심 거점으로 육성하고 미래 성장 동력을 확보하는 데 중요한 역할을 할 것으로 기대된다.  GTX 비롯해 인동선 등 교통 인프라 모두 집결  여기에 안양시는 수도권 교통망의 요충지로 도약하기 위해 교통 인프라 확충에 적극적으로 나서고 있다. GTX-C 노선(예정), 인덕원∼동탄 복선전철(인동선) 등이 대표적인 교통 호재로 꼽힌다. GTX-C 노선은 수도권 남부와 서울 강남권을 연결하는 핵심 노선이다. 인동선이 개통되면 안양에서 수원, 동탄 등 주요 도시로의 이동이 더욱 편리해진다.  특히 안양시 만안구는 KTX 광명역, 수도권 전철 1호선을 이용할 수 있는 장점에 더해 신안산선(2026년 예정), 월판선(2028년 예정) 등 철도 호재도 기대된다. 신안산선이 개통되면 광명역에서 4정거장이면 구로디지털단지, 9정거장이면 여의도역으로 도달할 수 있다.  주거 환경 개선으로 주택 공급난 해소 기대  안양시는 ‘2030 안양도시·주거환경정비기본계획’에 따라 노후화된 원도심 주거 환경 개선에 적극적으로 나서고 있다. 안양시의 기존 시가지 내 주거지역 전체(약 11.65㎢)가 정비사업 대상에 포함된다. 이는 안양시가 원도심인 만안구를 중심으로 주거 환경 개선에 집중하겠다는 의지를 보여주는 대목이다.  안양시 만안구는 최근 주택 공급이 부족했던 만큼 신축 단지의 희소성은 더욱 부각될 전망이다. 업계에 따르면 만안 일대에는 충훈부 재개발을 포함해 11곳의 정비사업이 예정돼 있다.  안양시는 일자리 창출, 교통망 확충, 주거 환경 개선 등 다각적인 노력을 통해 수도권 서남부의 새로운 주거 중심지로 도약할 잠재력을 갖추고 있다. 특히 만안구는 대규모 정비사업과 교통망 확충을 통해 안양시의 미래를 이끌어갈 핵심 지역으로 부상할 것으로 예상된다.  오는 30일부터 민간 아파트에도 제로에너지건축물(ZEB) 인증 의무 적용이 확대되고 원자재 가격이 올라 분양가 상승 요인이 복합적으로 작용하고 있다. 국토교통부는 ZEB 시행으로 전용 84㎡ 기준 가구당 약 130만 원의 추가 비용이 발생할 것으로 추산하고 있다.  이런 가운데 HDC현대산업개발이 이달 안양시 만안구 박달동 일원에 ‘호현 센트럴 아이파크’를 분양한다. 지하 2층∼지상 최고 29층, 7개 동, 총 507가구로 구성되며 이 중 전용면적 55∼84㎡ 144가구를 일반 분양한다.  부동산 전문가는 “안양시 만안구는 수도권 서남부의 핵심 주거지로 도약할 높은 잠재력을 지녔다”며 “주거비 부담을 낮추고 빠른 선점을 원한다면 분양을 목전에 둔 단지를 잘 찾는 것이 중요하다”라고 말했다."
